               epoch,      train/box_loss,      train/obj_loss,      train/cls_loss,   metrics/precision,      metrics/recall,     metrics/mAP_0.5,metrics/mAP_0.5:0.95,        val/box_loss,        val/obj_loss,        val/cls_loss,               x/lr0,               x/lr1,               x/lr2
                   0,             0.11554,            0.027114,                   0,                   0,                   0,                   0,                   0,            0.086305,            0.024693,                   0,              0.0937,              0.0007,              0.0007
                   1,            0.093532,             0.02623,                   0,                   0,                   0,                   0,                   0,            0.078902,            0.025932,                   0,            0.086496,           0.0014963,           0.0014963
                   2,            0.084464,            0.025699,                   0,                   0,                   0,                   0,                   0,            0.071446,            0.027493,                   0,            0.079289,           0.0022886,           0.0022886
                   3,            0.094505,            0.024114,                   0,                   0,                   0,                   0,                   0,            0.067982,            0.027641,                   0,            0.072077,            0.003077,            0.003077
                   4,            0.092125,            0.023264,                   0,                   0,                   0,                   0,                   0,            0.067597,            0.026886,                   0,            0.064861,           0.0038614,           0.0038614
                   5,            0.097513,            0.023317,                   0,                   0,                   0,                   0,                   0,            0.066924,             0.02611,                   0,            0.057642,           0.0046418,           0.0046418
                   6,            0.089792,            0.021659,                   0,          0.00030303,            0.041667,          0.00016944,          1.6944e-05,            0.066485,            0.025265,                   0,            0.050418,           0.0054183,           0.0054183
                   7,            0.077348,            0.019148,                   0,                   0,                   0,                   0,                   0,            0.062599,            0.025549,                   0,            0.043191,           0.0061909,           0.0061909
                   8,             0.07685,            0.021021,                   0,                   0,                   0,                   0,                   0,            0.072257,            0.021127,                   0,            0.035959,           0.0069594,           0.0069594
                   9,            0.086559,            0.019039,                   0,                   0,                   0,                   0,                   0,            0.072257,            0.021127,                   0,            0.028724,            0.007724,            0.007724
                  10,            0.087314,            0.017402,                   0,                   0,                   0,                   0,                   0,            0.064225,            0.022614,                   0,            0.021485,           0.0084847,           0.0084847
                  11,            0.079105,            0.016275,                   0,                   0,                   0,                   0,                   0,            0.064225,            0.022614,                   0,            0.014241,           0.0092414,           0.0092414
                  12,            0.083379,            0.015437,                   0,                   0,                   0,                   0,                   0,            0.060399,            0.021864,                   0,            0.009703,            0.009703,            0.009703
                  13,            0.087365,            0.016938,                   0,                   0,                   0,                   0,                   0,            0.060399,            0.021864,                   0,            0.009703,            0.009703,            0.009703
                  14,            0.078149,             0.01521,                   0,                   0,                   0,                   0,                   0,            0.054248,            0.023746,                   0,           0.0096783,           0.0096783,           0.0096783
                  15,             0.08304,            0.016239,                   0,                   0,                   0,                   0,                   0,            0.054248,            0.023746,                   0,           0.0096535,           0.0096535,           0.0096535
                  16,            0.091633,            0.012404,                   0,                   0,                   0,                   0,                   0,            0.070646,            0.015295,                   0,           0.0096288,           0.0096288,           0.0096288
                  17,            0.089512,            0.014558,                   0,                   0,                   0,                   0,                   0,            0.070646,            0.015295,                   0,            0.009604,            0.009604,            0.009604
                  18,            0.095752,            0.012878,                   0,                   0,                   0,                   0,                   0,            0.066618,            0.017446,                   0,           0.0095793,           0.0095793,           0.0095793
                  19,            0.086917,            0.015557,                   0,                   0,                   0,                   0,                   0,            0.066618,            0.017446,                   0,           0.0095545,           0.0095545,           0.0095545
                  20,            0.084091,             0.01602,                   0,                   0,                   0,                   0,                   0,            0.062106,            0.020351,                   0,           0.0095298,           0.0095298,           0.0095298
                  21,            0.078615,            0.012745,                   0,                   0,                   0,                   0,                   0,            0.062106,            0.020351,                   0,            0.009505,            0.009505,            0.009505
                  22,            0.067438,            0.011715,                   0,                   0,                   0,                   0,                   0,             0.05477,            0.022038,                   0,           0.0094803,           0.0094803,           0.0094803
                  23,            0.064525,            0.012077,                   0,                   0,                   0,                   0,                   0,             0.05477,            0.022038,                   0,           0.0094555,           0.0094555,           0.0094555
                  24,            0.073097,            0.014569,                   0,                   0,                   0,                   0,                   0,            0.056654,            0.021235,                   0,           0.0094307,           0.0094307,           0.0094307
                  25,            0.070326,            0.012742,                   0,                   0,                   0,                   0,                   0,            0.056654,            0.021235,                   0,            0.009406,            0.009406,            0.009406
                  26,            0.083039,            0.012022,                   0,                   0,                   0,                   0,                   0,            0.047858,            0.024785,                   0,           0.0093813,           0.0093813,           0.0093813
                  27,            0.072433,             0.01418,                   0,                   0,                   0,                   0,                   0,            0.047858,            0.024785,                   0,           0.0093565,           0.0093565,           0.0093565
                  28,            0.064306,            0.013888,                   0,           0.0012121,             0.16667,          0.00071605,          0.00015476,            0.051969,            0.022322,                   0,           0.0093317,           0.0093317,           0.0093317
                  29,            0.067067,            0.013061,                   0,           0.0012121,             0.16667,          0.00071605,          0.00015476,            0.051969,            0.022322,                   0,            0.009307,            0.009307,            0.009307
                  30,            0.060543,            0.012432,                   0,           0.0045455,               0.625,            0.012012,           0.0023301,            0.049015,            0.024566,                   0,           0.0092823,           0.0092823,           0.0092823
                  31,            0.066712,             0.01087,                   0,           0.0045455,               0.625,            0.012012,           0.0023301,            0.049015,            0.024566,                   0,           0.0092575,           0.0092575,           0.0092575
                  32,            0.066317,            0.014357,                   0,           0.0051515,             0.70833,           0.0058026,           0.0013314,             0.04876,            0.024284,                   0,           0.0092327,           0.0092327,           0.0092327
                  33,            0.065522,            0.012422,                   0,           0.0051515,             0.70833,           0.0058026,           0.0013314,             0.04876,            0.024284,                   0,            0.009208,            0.009208,            0.009208
                  34,            0.077022,            0.014178,                   0,           0.0072727,                   1,            0.021602,           0.0055635,            0.041531,            0.024072,                   0,           0.0091833,           0.0091833,           0.0091833
                  35,            0.055017,            0.015202,                   0,           0.0072727,                   1,            0.021602,           0.0055635,            0.041531,            0.024072,                   0,           0.0091585,           0.0091585,           0.0091585
                  36,            0.062613,            0.012822,                   0,           0.0063636,               0.875,           0.0098305,           0.0024951,            0.049969,            0.021847,                   0,           0.0091337,           0.0091337,           0.0091337
                  37,            0.067306,             0.01034,                   0,           0.0063636,               0.875,           0.0098305,           0.0024951,            0.049969,            0.021847,                   0,            0.009109,            0.009109,            0.009109
                  38,            0.054669,            0.012308,                   0,           0.0066667,             0.91667,            0.059913,            0.014703,            0.048224,            0.021781,                   0,           0.0090843,           0.0090843,           0.0090843
                  39,            0.061399,            0.012747,                   0,           0.0066667,             0.91667,            0.059913,            0.014703,            0.048224,            0.021781,                   0,           0.0090595,           0.0090595,           0.0090595
                  40,            0.074158,             0.01604,                   0,           0.0069697,             0.95833,            0.053601,            0.017369,            0.049675,            0.021443,                   0,           0.0090347,           0.0090347,           0.0090347
                  41,            0.076587,            0.011663,                   0,           0.0069697,             0.95833,            0.053601,            0.017369,            0.049675,            0.021443,                   0,             0.00901,             0.00901,             0.00901
                  42,            0.063146,           0.0098477,                   0,           0.0045455,               0.625,           0.0045255,          0.00098631,            0.056114,            0.019286,                   0,           0.0089853,           0.0089853,           0.0089853
                  43,            0.076687,            0.013855,                   0,           0.0045455,               0.625,           0.0045255,          0.00098631,            0.056114,            0.019286,                   0,           0.0089605,           0.0089605,           0.0089605
                  44,            0.064878,            0.011794,                   0,           0.0063636,               0.875,            0.016308,           0.0038993,            0.044027,            0.023876,                   0,           0.0089358,           0.0089358,           0.0089358
                  45,            0.053612,            0.010483,                   0,           0.0063636,               0.875,            0.016308,           0.0038993,            0.044027,            0.023876,                   0,            0.008911,            0.008911,            0.008911
                  46,            0.066289,            0.016064,                   0,           0.0072727,                   1,             0.19041,            0.075308,            0.039336,            0.024197,                   0,           0.0088863,           0.0088863,           0.0088863
                  47,            0.061736,            0.016477,                   0,           0.0072727,                   1,             0.19041,            0.075308,            0.039336,            0.024197,                   0,           0.0088615,           0.0088615,           0.0088615
                  48,            0.063308,              0.0135,                   0,           0.0072727,                   1,             0.19298,            0.090714,            0.036946,            0.024489,                   0,           0.0088368,           0.0088368,           0.0088368
                  49,            0.055176,            0.011223,                   0,           0.0072727,                   1,             0.19298,            0.090714,            0.036946,            0.024489,                   0,            0.008812,            0.008812,            0.008812
                  50,            0.061101,            0.012298,                   0,           0.0072727,                   1,             0.77189,             0.43326,            0.037255,            0.024073,                   0,           0.0087872,           0.0087872,           0.0087872
                  51,            0.046041,            0.014027,                   0,           0.0072727,                   1,             0.77189,             0.43326,            0.037255,            0.024073,                   0,           0.0087625,           0.0087625,           0.0087625
                  52,            0.055825,            0.010618,                   0,           0.0072727,                   1,             0.88514,             0.33839,            0.034116,             0.02464,                   0,           0.0087378,           0.0087378,           0.0087378
                  53,            0.053632,              0.0161,                   0,           0.0072727,                   1,             0.88514,             0.33839,            0.034116,             0.02464,                   0,            0.008713,            0.008713,            0.008713
                  54,            0.047332,            0.018464,                   0,           0.0072727,                   1,                0.47,            0.093143,            0.048724,            0.020042,                   0,           0.0086882,           0.0086882,           0.0086882
                  55,            0.058682,            0.013499,                   0,           0.0072727,                   1,                0.47,            0.093143,            0.048724,            0.020042,                   0,           0.0086635,           0.0086635,           0.0086635
                  56,            0.064392,            0.012943,                   0,           0.0070015,             0.95833,             0.02505,           0.0074824,            0.037517,            0.023164,                   0,           0.0086388,           0.0086388,           0.0086388
                  57,            0.067163,            0.013613,                   0,           0.0070015,             0.95833,             0.02505,           0.0074824,            0.037517,            0.023164,                   0,            0.008614,            0.008614,            0.008614
                  58,            0.043978,            0.010929,                   0,           0.0072727,                   1,            0.054435,            0.010108,            0.051877,            0.019202,                   0,           0.0085893,           0.0085893,           0.0085893
                  59,            0.069702,            0.011543,                   0,           0.0072727,                   1,            0.054435,            0.010108,            0.051877,            0.019202,                   0,           0.0085645,           0.0085645,           0.0085645
                  60,             0.06817,            0.011431,                   0,           0.0073215,                   1,             0.70224,             0.22527,            0.036069,            0.023195,                   0,           0.0085398,           0.0085398,           0.0085398
                  61,            0.055444,            0.011149,                   0,           0.0073215,                   1,             0.70224,             0.22527,            0.036069,            0.023195,                   0,            0.008515,            0.008515,            0.008515
                  62,            0.056409,            0.010573,                   0,            0.007326,                   1,              0.7736,             0.29334,            0.035226,            0.023601,                   0,           0.0084903,           0.0084903,           0.0084903
                  63,            0.046373,            0.014564,                   0,            0.007326,                   1,              0.7736,             0.29334,            0.035226,            0.023601,                   0,           0.0084655,           0.0084655,           0.0084655
                  64,            0.054183,             0.01434,                   0,            0.007396,                   1,             0.83976,             0.49935,             0.03236,            0.024785,                   0,           0.0084408,           0.0084408,           0.0084408
                  65,            0.047253,            0.012458,                   0,            0.007396,                   1,             0.83976,             0.49935,             0.03236,            0.024785,                   0,            0.008416,            0.008416,            0.008416
                  66,            0.059796,            0.012179,                   0,           0.0074234,                   1,             0.71872,             0.15826,            0.034826,            0.023221,                   0,           0.0083913,           0.0083913,           0.0083913
                  67,            0.051779,            0.010985,                   0,           0.0074234,                   1,             0.71872,             0.15826,            0.034826,            0.023221,                   0,           0.0083665,           0.0083665,           0.0083665
                  68,               0.055,            0.015918,                   0,            0.007412,                   1,             0.90102,             0.39053,            0.033782,            0.022448,                   0,           0.0083418,           0.0083418,           0.0083418
                  69,            0.048973,            0.013547,                   0,            0.007412,                   1,             0.90102,             0.39053,            0.033782,            0.022448,                   0,            0.008317,            0.008317,            0.008317
                  70,            0.040706,            0.010447,                   0,           0.0073914,                   1,             0.90458,             0.48239,            0.035081,            0.022611,                   0,           0.0082922,           0.0082922,           0.0082922
                  71,            0.043259,             0.01222,                   0,           0.0073914,                   1,             0.90458,             0.48239,            0.035081,            0.022611,                   0,           0.0082675,           0.0082675,           0.0082675
                  72,            0.049111,            0.010741,                   0,           0.0074326,                   1,             0.90896,             0.48571,            0.034556,            0.022669,                   0,           0.0082428,           0.0082428,           0.0082428
                  73,            0.051164,            0.013594,                   0,           0.0074326,                   1,             0.90896,             0.48571,            0.034556,            0.022669,                   0,            0.008218,            0.008218,            0.008218
                  74,            0.049668,            0.014693,                   0,            0.076393,                   1,             0.92196,             0.40597,            0.032367,            0.022306,                   0,           0.0081932,           0.0081932,           0.0081932
                  75,            0.046628,            0.013769,                   0,            0.076393,                   1,             0.92196,             0.40597,            0.032367,            0.022306,                   0,           0.0081685,           0.0081685,           0.0081685
                  76,            0.044566,            0.012261,                   0,             0.21199,             0.91667,             0.63332,              0.1206,            0.035064,            0.021426,                   0,           0.0081437,           0.0081437,           0.0081437
                  77,            0.048112,            0.012751,                   0,             0.21199,             0.91667,             0.63332,              0.1206,            0.035064,            0.021426,                   0,            0.008119,            0.008119,            0.008119
                  78,            0.042123,            0.012911,                   0,            0.024338,                   1,             0.89657,             0.36934,              0.0294,            0.023014,                   0,           0.0080942,           0.0080942,           0.0080942
                  79,            0.045326,            0.014384,                   0,            0.024338,                   1,             0.89657,             0.36934,              0.0294,            0.023014,                   0,           0.0080695,           0.0080695,           0.0080695
                  80,            0.044693,            0.011187,                   0,             0.57141,               0.875,             0.87531,             0.42034,            0.023839,            0.023976,                   0,           0.0080447,           0.0080447,           0.0080447
                  81,            0.042277,           0.0098526,                   0,             0.57141,               0.875,             0.87531,             0.42034,            0.023839,            0.023976,                   0,             0.00802,             0.00802,             0.00802
                  82,            0.041665,            0.012284,                   0,             0.72683,               0.875,             0.92298,             0.55379,            0.027899,            0.022404,                   0,           0.0079953,           0.0079953,           0.0079953
                  83,            0.052625,            0.014172,                   0,             0.72683,               0.875,             0.92298,             0.55379,            0.027899,            0.022404,                   0,           0.0079705,           0.0079705,           0.0079705
                  84,            0.050129,            0.012966,                   0,             0.69386,             0.79167,             0.80934,              0.3812,            0.025183,            0.022738,                   0,           0.0079457,           0.0079457,           0.0079457
                  85,            0.046415,            0.012275,                   0,             0.69386,             0.79167,             0.80934,              0.3812,            0.025183,            0.022738,                   0,            0.007921,            0.007921,            0.007921
                  86,             0.03295,             0.01275,                   0,             0.84885,             0.79167,             0.86613,             0.50107,            0.025137,             0.02255,                   0,           0.0078963,           0.0078963,           0.0078963
                  87,            0.056791,            0.013167,                   0,             0.84885,             0.79167,             0.86613,             0.50107,            0.025137,             0.02255,                   0,           0.0078715,           0.0078715,           0.0078715
                  88,             0.03757,            0.015038,                   0,                   1,             0.71224,              0.9252,             0.58752,            0.025579,             0.02128,                   0,           0.0078467,           0.0078467,           0.0078467
                  89,            0.052409,            0.012664,                   0,                   1,             0.71224,              0.9252,             0.58752,            0.025579,             0.02128,                   0,            0.007822,            0.007822,            0.007822
                  90,             0.04796,             0.00809,                   0,             0.97478,             0.79167,             0.95426,              0.4895,            0.029068,            0.019622,                   0,           0.0077973,           0.0077973,           0.0077973
                  91,            0.045097,           0.0086068,                   0,             0.97478,             0.79167,             0.95426,              0.4895,            0.029068,            0.019622,                   0,           0.0077725,           0.0077725,           0.0077725
                  92,            0.040963,            0.011097,                   0,              0.8216,             0.70833,             0.78661,             0.27355,            0.028084,            0.019678,                   0,           0.0077478,           0.0077478,           0.0077478
                  93,            0.035589,           0.0086398,                   0,              0.8216,             0.70833,             0.78661,             0.27355,            0.028084,            0.019678,                   0,            0.007723,            0.007723,            0.007723
                  94,            0.041016,            0.010936,                   0,             0.96253,             0.79167,             0.93986,              0.2809,            0.034645,            0.018349,                   0,           0.0076983,           0.0076983,           0.0076983
                  95,             0.03399,           0.0085989,                   0,             0.96253,             0.79167,             0.93986,              0.2809,            0.034645,            0.018349,                   0,           0.0076735,           0.0076735,           0.0076735
                  96,            0.053829,             0.01337,                   0,             0.95001,             0.79167,             0.96262,             0.42513,            0.026647,             0.01922,                   0,           0.0076488,           0.0076488,           0.0076488
                  97,            0.043874,            0.010308,                   0,             0.95001,             0.79167,             0.96262,             0.42513,            0.026647,             0.01922,                   0,            0.007624,            0.007624,            0.007624
                  98,            0.050234,           0.0085887,                   0,             0.52383,             0.66667,              0.5596,             0.17985,            0.029195,            0.019342,                   0,           0.0075993,           0.0075993,           0.0075993
                  99,            0.052105,           0.0093677,                   0,             0.52383,             0.66667,              0.5596,             0.17985,            0.029195,            0.019342,                   0,           0.0075745,           0.0075745,           0.0075745
                 100,            0.042125,           0.0098459,                   0,                   1,             0.88491,              0.9934,             0.52831,            0.025173,            0.019895,                   0,           0.0075498,           0.0075498,           0.0075498
                 101,            0.032947,           0.0093882,                   0,                   1,             0.88491,              0.9934,             0.52831,            0.025173,            0.019895,                   0,            0.007525,            0.007525,            0.007525
                 102,            0.038507,           0.0096782,                   0,             0.94858,             0.91667,             0.98388,             0.34432,            0.025788,            0.019939,                   0,           0.0075003,           0.0075003,           0.0075003
                 103,            0.040199,            0.011045,                   0,             0.94858,             0.91667,             0.98388,             0.34432,            0.025788,            0.019939,                   0,           0.0074755,           0.0074755,           0.0074755
                 104,            0.052723,            0.010959,                   0,             0.85913,                   1,             0.97326,             0.50303,            0.024642,            0.019587,                   0,           0.0074507,           0.0074507,           0.0074507
                 105,            0.036885,            0.011638,                   0,             0.85913,                   1,             0.97326,             0.50303,            0.024642,            0.019587,                   0,            0.007426,            0.007426,            0.007426
                 106,            0.031971,           0.0097776,                   0,             0.66688,               0.875,             0.80247,              0.2266,            0.028265,            0.018975,                   0,           0.0074013,           0.0074013,           0.0074013
                 107,            0.038529,            0.010902,                   0,             0.66688,               0.875,             0.80247,              0.2266,            0.028265,            0.018975,                   0,           0.0073765,           0.0073765,           0.0073765
                 108,            0.047723,            0.010267,                   0,             0.82572,                   1,             0.98181,             0.44245,            0.022411,            0.019664,                   0,           0.0073517,           0.0073517,           0.0073517
                 109,            0.034473,            0.010756,                   0,             0.82572,                   1,             0.98181,             0.44245,            0.022411,            0.019664,                   0,            0.007327,            0.007327,            0.007327
                 110,              0.0426,           0.0080312,                   0,             0.92449,                   1,              0.9934,             0.48243,            0.022801,            0.019459,                   0,           0.0073023,           0.0073023,           0.0073023
                 111,            0.047049,            0.011626,                   0,             0.92449,                   1,              0.9934,             0.48243,            0.022801,            0.019459,                   0,           0.0072775,           0.0072775,           0.0072775
                 112,            0.042108,            0.011077,                   0,             0.82803,             0.91667,             0.92208,             0.36961,            0.025138,             0.01913,                   0,           0.0072527,           0.0072527,           0.0072527
                 113,            0.038115,            0.010399,                   0,             0.82803,             0.91667,             0.92208,             0.36961,            0.025138,             0.01913,                   0,            0.007228,            0.007228,            0.007228
                 114,            0.041095,             0.01077,                   0,             0.89344,             0.95833,             0.99056,             0.58769,            0.021337,             0.01943,                   0,           0.0072033,           0.0072033,           0.0072033
                 115,            0.038308,            0.011607,                   0,             0.89344,             0.95833,             0.99056,             0.58769,            0.021337,             0.01943,                   0,           0.0071785,           0.0071785,           0.0071785
                 116,            0.036674,            0.011254,                   0,             0.89696,             0.91667,             0.92168,             0.49378,            0.022057,            0.019026,                   0,           0.0071538,           0.0071538,           0.0071538
                 117,            0.037367,            0.010365,                   0,             0.89696,             0.91667,             0.92168,             0.49378,            0.022057,            0.019026,                   0,            0.007129,            0.007129,            0.007129
                 118,            0.038071,           0.0099754,                   0,             0.95955,             0.98879,              0.9934,              0.5232,            0.018787,            0.019414,                   0,           0.0071042,           0.0071042,           0.0071042
                 119,            0.032901,           0.0097827,                   0,             0.95955,             0.98879,              0.9934,              0.5232,            0.018787,            0.019414,                   0,           0.0070795,           0.0070795,           0.0070795
                 120,             0.04039,            0.011127,                   0,             0.91788,             0.93183,             0.97059,             0.43235,            0.028042,            0.017365,                   0,           0.0070547,           0.0070547,           0.0070547
                 121,            0.038883,           0.0082685,                   0,             0.91788,             0.93183,             0.97059,             0.43235,            0.028042,            0.017365,                   0,             0.00703,             0.00703,             0.00703
                 122,            0.036003,            0.012459,                   0,              0.9951,                   1,               0.995,             0.45714,            0.025788,            0.017299,                   0,           0.0070053,           0.0070053,           0.0070053
                 123,             0.04163,           0.0098942,                   0,              0.9951,                   1,               0.995,             0.45714,            0.025788,            0.017299,                   0,           0.0069805,           0.0069805,           0.0069805
                 124,            0.038873,           0.0098111,                   0,             0.80442,             0.85728,              0.8104,             0.23117,            0.030358,            0.016412,                   0,           0.0069558,           0.0069558,           0.0069558
                 125,            0.045771,           0.0098219,                   0,             0.80442,             0.85728,              0.8104,             0.23117,            0.030358,            0.016412,                   0,            0.006931,            0.006931,            0.006931
                 126,             0.03907,           0.0092991,                   0,                   1,             0.99707,               0.995,             0.56945,            0.020408,            0.017655,                   0,           0.0069063,           0.0069063,           0.0069063
                 127,            0.038669,           0.0085224,                   0,                   1,             0.99707,               0.995,             0.56945,            0.020408,            0.017655,                   0,           0.0068815,           0.0068815,           0.0068815
                 128,            0.036623,           0.0083819,                   0,                   1,             0.99152,               0.995,             0.62012,            0.019076,            0.017693,                   0,           0.0068568,           0.0068568,           0.0068568
                 129,            0.031585,           0.0083271,                   0,                   1,             0.99152,               0.995,             0.62012,            0.019076,            0.017693,                   0,            0.006832,            0.006832,            0.006832
                 130,            0.030514,           0.0088071,                   0,                   1,             0.98525,               0.995,             0.60502,               0.019,            0.017444,                   0,           0.0068073,           0.0068073,           0.0068073
                 131,            0.028388,           0.0089537,                   0,                   1,             0.98525,               0.995,             0.60502,               0.019,            0.017444,                   0,           0.0067825,           0.0067825,           0.0067825
                 132,            0.030101,           0.0073541,                   0,             0.97795,             0.95833,             0.99192,             0.48159,            0.025626,              0.0166,                   0,           0.0067577,           0.0067577,           0.0067577
                 133,            0.048984,           0.0086879,                   0,             0.97795,             0.95833,             0.99192,             0.48159,            0.025626,              0.0166,                   0,            0.006733,            0.006733,            0.006733
                 134,            0.036276,           0.0076597,                   0,                   1,             0.99153,               0.995,             0.47168,            0.020087,            0.017122,                   0,           0.0067082,           0.0067082,           0.0067082
                 135,            0.029442,            0.007332,                   0,                   1,             0.99153,               0.995,             0.47168,            0.020087,            0.017122,                   0,           0.0066835,           0.0066835,           0.0066835
                 136,            0.032103,           0.0081934,                   0,                   1,             0.98504,               0.995,             0.55127,            0.021669,            0.016859,                   0,           0.0066587,           0.0066587,           0.0066587
                 137,            0.039627,            0.011477,                   0,                   1,             0.98504,               0.995,             0.55127,            0.021669,            0.016859,                   0,            0.006634,            0.006634,            0.006634
                 138,             0.03359,           0.0092736,                   0,                   1,             0.99992,               0.995,             0.43654,            0.023891,            0.016111,                   0,           0.0066092,           0.0066092,           0.0066092
                 139,            0.036789,           0.0092176,                   0,                   1,             0.99992,               0.995,             0.43654,            0.023891,            0.016111,                   0,           0.0065845,           0.0065845,           0.0065845
                 140,            0.028517,           0.0094746,                   0,             0.99668,                   1,               0.995,             0.52178,            0.023534,            0.016051,                   0,           0.0065598,           0.0065598,           0.0065598
                 141,             0.03823,           0.0080584,                   0,             0.99668,                   1,               0.995,             0.52178,            0.023534,            0.016051,                   0,            0.006535,            0.006535,            0.006535
                 142,            0.035737,            0.010205,                   0,             0.99401,                   1,               0.995,             0.56934,            0.020992,            0.015837,                   0,           0.0065102,           0.0065102,           0.0065102
                 143,            0.031329,           0.0099153,                   0,             0.99401,                   1,               0.995,             0.56934,            0.020992,            0.015837,                   0,           0.0064855,           0.0064855,           0.0064855
                 144,            0.034831,           0.0077403,                   0,             0.86598,               0.875,             0.79919,             0.32617,            0.029055,            0.014824,                   0,           0.0064608,           0.0064608,           0.0064608
                 145,            0.040775,           0.0080055,                   0,             0.86598,               0.875,             0.79919,             0.32617,            0.029055,            0.014824,                   0,            0.006436,            0.006436,            0.006436
                 146,            0.035325,           0.0084575,                   0,             0.99077,                   1,               0.995,             0.40792,            0.023601,            0.015307,                   0,           0.0064112,           0.0064112,           0.0064112
                 147,             0.04035,           0.0065733,                   0,             0.99077,                   1,               0.995,             0.40792,            0.023601,            0.015307,                   0,           0.0063865,           0.0063865,           0.0063865
                 148,            0.043287,           0.0088065,                   0,             0.95061,                   1,              0.9734,             0.59376,            0.021076,            0.015372,                   0,           0.0063618,           0.0063618,           0.0063618
                 149,            0.026552,           0.0096289,                   0,             0.95061,                   1,              0.9734,             0.59376,            0.021076,            0.015372,                   0,            0.006337,            0.006337,            0.006337
                 150,            0.036904,            0.010942,                   0,              0.8781,                   1,             0.95311,             0.53745,            0.022232,            0.015158,                   0,           0.0063122,           0.0063122,           0.0063122
                 151,            0.035842,           0.0079911,                   0,              0.8781,                   1,             0.95311,             0.53745,            0.022232,            0.015158,                   0,           0.0062875,           0.0062875,           0.0062875
                 152,            0.034264,           0.0076201,                   0,             0.99112,                   1,               0.995,             0.62225,            0.019638,            0.015177,                   0,           0.0062628,           0.0062628,           0.0062628
                 153,            0.030808,           0.0084728,                   0,             0.99112,                   1,               0.995,             0.62225,            0.019638,            0.015177,                   0,            0.006238,            0.006238,            0.006238
                 154,            0.033574,           0.0086634,                   0,              0.9937,                   1,               0.995,             0.58785,            0.021007,            0.014756,                   0,           0.0062132,           0.0062132,           0.0062132
                 155,            0.033109,           0.0075261,                   0,              0.9937,                   1,               0.995,             0.58785,            0.021007,            0.014756,                   0,           0.0061885,           0.0061885,           0.0061885
                 156,            0.027734,           0.0067967,                   0,             0.99456,                   1,               0.995,             0.60146,            0.019781,             0.01473,                   0,           0.0061637,           0.0061637,           0.0061637
                 157,             0.02879,           0.0089196,                   0,             0.99456,                   1,               0.995,             0.60146,            0.019781,             0.01473,                   0,            0.006139,            0.006139,            0.006139
                 158,            0.026214,           0.0093726,                   0,             0.99534,                   1,               0.995,             0.65229,             0.02147,            0.014463,                   0,           0.0061142,           0.0061142,           0.0061142
                 159,            0.027317,           0.0049818,                   0,             0.99534,                   1,               0.995,             0.65229,             0.02147,            0.014463,                   0,           0.0060895,           0.0060895,           0.0060895
                 160,            0.035475,           0.0087383,                   0,             0.91876,                   1,             0.93423,             0.48095,            0.025431,            0.014311,                   0,           0.0060647,           0.0060647,           0.0060647
                 161,            0.038291,            0.010023,                   0,             0.91876,                   1,             0.93423,             0.48095,            0.025431,            0.014311,                   0,             0.00604,             0.00604,             0.00604
                 162,            0.037016,           0.0096771,                   0,             0.91879,                   1,              0.9934,             0.43673,            0.020668,            0.014438,                   0,           0.0060152,           0.0060152,           0.0060152
                 163,            0.035222,           0.0075947,                   0,             0.91879,                   1,              0.9934,             0.43673,            0.020668,            0.014438,                   0,           0.0059905,           0.0059905,           0.0059905
                 164,            0.032786,           0.0068553,                   0,             0.99552,                   1,               0.995,             0.62966,            0.019959,            0.014376,                   0,           0.0059658,           0.0059658,           0.0059658
                 165,            0.022109,           0.0083064,                   0,             0.99552,                   1,               0.995,             0.62966,            0.019959,            0.014376,                   0,            0.005941,            0.005941,            0.005941
                 166,            0.029544,           0.0093175,                   0,             0.91779,                   1,             0.98859,             0.46707,            0.019724,            0.014251,                   0,           0.0059163,           0.0059163,           0.0059163
                 167,            0.029676,           0.0077329,                   0,             0.91779,                   1,             0.98859,             0.46707,            0.019724,            0.014251,                   0,           0.0058915,           0.0058915,           0.0058915
                 168,             0.02553,           0.0076544,                   0,             0.96424,                   1,               0.995,             0.43402,            0.023681,            0.014022,                   0,           0.0058668,           0.0058668,           0.0058668
                 169,            0.029394,           0.0076723,                   0,             0.96424,                   1,               0.995,             0.43402,            0.023681,            0.014022,                   0,            0.005842,            0.005842,            0.005842
                 170,            0.029435,           0.0070164,                   0,             0.99566,                   1,               0.995,             0.62793,             0.01847,            0.013915,                   0,           0.0058173,           0.0058173,           0.0058173
                 171,            0.024601,           0.0078624,                   0,             0.99566,                   1,               0.995,             0.62793,             0.01847,            0.013915,                   0,           0.0057925,           0.0057925,           0.0057925
                 172,            0.030105,           0.0098236,                   0,             0.99547,                   1,               0.995,             0.51265,            0.021546,            0.013806,                   0,           0.0057678,           0.0057678,           0.0057678
                 173,            0.034836,           0.0083959,                   0,             0.99547,                   1,               0.995,             0.51265,            0.021546,            0.013806,                   0,            0.005743,            0.005743,            0.005743
                 174,            0.026076,           0.0064184,                   0,             0.99353,                   1,               0.995,             0.52916,            0.022063,             0.01355,                   0,           0.0057183,           0.0057183,           0.0057183
                 175,            0.029829,           0.0078255,                   0,             0.99353,                   1,               0.995,             0.52916,            0.022063,             0.01355,                   0,           0.0056935,           0.0056935,           0.0056935
                 176,            0.031456,           0.0065932,                   0,             0.99134,                   1,               0.995,              0.6516,            0.020971,            0.013501,                   0,           0.0056688,           0.0056688,           0.0056688
                 177,            0.026432,           0.0076176,                   0,             0.99134,                   1,               0.995,              0.6516,            0.020971,            0.013501,                   0,            0.005644,            0.005644,            0.005644
                 178,            0.032283,           0.0079258,                   0,              0.9947,                   1,               0.995,               0.487,             0.02398,            0.013211,                   0,           0.0056193,           0.0056193,           0.0056193
                 179,            0.030886,           0.0075056,                   0,              0.9947,                   1,               0.995,               0.487,             0.02398,            0.013211,                   0,           0.0055945,           0.0055945,           0.0055945
                 180,            0.034789,           0.0087088,                   0,             0.99215,                   1,               0.995,             0.61734,            0.019508,             0.01363,                   0,           0.0055698,           0.0055698,           0.0055698
                 181,            0.032108,           0.0086907,                   0,             0.99215,                   1,               0.995,             0.61734,            0.019508,             0.01363,                   0,            0.005545,            0.005545,            0.005545
                 182,            0.032169,           0.0081932,                   0,             0.99294,                   1,               0.995,             0.62819,            0.021408,            0.013456,                   0,           0.0055202,           0.0055202,           0.0055202
                 183,            0.021604,           0.0068429,                   0,             0.99294,                   1,               0.995,             0.62819,            0.021408,            0.013456,                   0,           0.0054955,           0.0054955,           0.0054955
                 184,            0.029827,           0.0073278,                   0,             0.97498,                   1,               0.995,             0.44975,            0.021856,            0.013229,                   0,           0.0054707,           0.0054707,           0.0054707
                 185,             0.02961,           0.0066884,                   0,             0.97498,                   1,               0.995,             0.44975,            0.021856,            0.013229,                   0,            0.005446,            0.005446,            0.005446
                 186,            0.026946,           0.0081248,                   0,             0.99247,                   1,               0.995,             0.59868,            0.020035,            0.013291,                   0,           0.0054212,           0.0054212,           0.0054212
                 187,            0.028255,           0.0085392,                   0,             0.99247,                   1,               0.995,             0.59868,            0.020035,            0.013291,                   0,           0.0053965,           0.0053965,           0.0053965
                 188,            0.027641,           0.0063114,                   0,             0.99321,                   1,               0.995,             0.65747,            0.018657,            0.013152,                   0,           0.0053717,           0.0053717,           0.0053717
                 189,            0.023201,           0.0083255,                   0,             0.99321,                   1,               0.995,             0.65747,            0.018657,            0.013152,                   0,            0.005347,            0.005347,            0.005347
                 190,            0.030575,           0.0077831,                   0,              0.9908,                   1,               0.995,             0.55094,            0.020766,            0.012814,                   0,           0.0053223,           0.0053223,           0.0053223
                 191,            0.025714,           0.0075442,                   0,              0.9908,                   1,               0.995,             0.55094,            0.020766,            0.012814,                   0,           0.0052975,           0.0052975,           0.0052975
                 192,            0.027265,           0.0085979,                   0,             0.99429,                   1,               0.995,             0.66192,            0.017108,            0.012915,                   0,           0.0052727,           0.0052727,           0.0052727
                 193,            0.027606,           0.0057833,                   0,             0.99429,                   1,               0.995,             0.66192,            0.017108,            0.012915,                   0,            0.005248,            0.005248,            0.005248
                 194,             0.03006,           0.0066275,                   0,             0.99417,                   1,               0.995,             0.56041,            0.021995,            0.012371,                   0,           0.0052233,           0.0052233,           0.0052233
                 195,            0.038661,           0.0068958,                   0,             0.99417,                   1,               0.995,             0.56041,            0.021995,            0.012371,                   0,           0.0051985,           0.0051985,           0.0051985
                 196,            0.025903,           0.0073041,                   0,             0.99442,                   1,               0.995,             0.59442,            0.016985,            0.012745,                   0,           0.0051737,           0.0051737,           0.0051737
                 197,            0.025903,            0.004561,                   0,             0.99442,                   1,               0.995,             0.59442,            0.016985,            0.012745,                   0,            0.005149,            0.005149,            0.005149
                 198,            0.021787,           0.0054471,                   0,             0.99289,                   1,               0.995,             0.61583,            0.019756,            0.012523,                   0,           0.0051243,           0.0051243,           0.0051243
                 199,             0.03623,           0.0054214,                   0,             0.99289,                   1,               0.995,             0.61583,            0.019756,            0.012523,                   0,           0.0050995,           0.0050995,           0.0050995
                 200,            0.024739,           0.0060717,                   0,             0.99431,                   1,               0.995,             0.62178,            0.017629,            0.012571,                   0,           0.0050747,           0.0050747,           0.0050747
                 201,            0.030866,           0.0070961,                   0,             0.99431,                   1,               0.995,             0.62178,            0.017629,            0.012571,                   0,             0.00505,             0.00505,             0.00505
                 202,            0.027723,           0.0066708,                   0,             0.99613,                   1,               0.995,             0.58567,            0.019352,            0.012365,                   0,           0.0050253,           0.0050253,           0.0050253
                 203,            0.031251,            0.008504,                   0,             0.99613,                   1,               0.995,             0.58567,            0.019352,            0.012365,                   0,           0.0050005,           0.0050005,           0.0050005
                 204,            0.023559,           0.0066543,                   0,             0.99154,                   1,               0.995,             0.56461,            0.019921,            0.012391,                   0,           0.0049758,           0.0049758,           0.0049758
                 205,            0.024993,           0.0048323,                   0,             0.99154,                   1,               0.995,             0.56461,            0.019921,            0.012391,                   0,            0.004951,            0.004951,            0.004951
                 206,            0.027355,           0.0074784,                   0,             0.99644,                   1,               0.995,             0.59644,            0.020485,            0.012256,                   0,           0.0049263,           0.0049263,           0.0049263
                 207,            0.028952,             0.00573,                   0,             0.99644,                   1,               0.995,             0.59644,            0.020485,            0.012256,                   0,           0.0049015,           0.0049015,           0.0049015
                 208,            0.025433,           0.0065908,                   0,             0.99658,                   1,               0.995,             0.60587,            0.018282,            0.012066,                   0,           0.0048768,           0.0048768,           0.0048768
                 209,            0.024945,             0.00921,                   0,             0.99658,                   1,               0.995,             0.60587,            0.018282,            0.012066,                   0,            0.004852,            0.004852,            0.004852
                 210,            0.025183,           0.0061793,                   0,             0.99666,                   1,               0.995,             0.54006,            0.021618,            0.012161,                   0,           0.0048272,           0.0048272,           0.0048272
                 211,             0.02866,           0.0072984,                   0,             0.99666,                   1,               0.995,             0.54006,            0.021618,            0.012161,                   0,           0.0048025,           0.0048025,           0.0048025
                 212,            0.023567,           0.0075945,                   0,             0.99628,                   1,               0.995,             0.56286,            0.018446,            0.012025,                   0,           0.0047778,           0.0047778,           0.0047778
                 213,            0.029423,           0.0091529,                   0,             0.99628,                   1,               0.995,             0.56286,            0.018446,            0.012025,                   0,            0.004753,            0.004753,            0.004753
                 214,            0.030602,           0.0068274,                   0,             0.99615,                   1,               0.995,             0.62634,            0.019029,            0.011948,                   0,           0.0047283,           0.0047283,           0.0047283
                 215,            0.024563,           0.0044863,                   0,             0.99615,                   1,               0.995,             0.62634,            0.019029,            0.011948,                   0,           0.0047035,           0.0047035,           0.0047035
                 216,            0.028552,            0.007125,                   0,             0.99638,                   1,               0.995,             0.70007,            0.015971,            0.011985,                   0,           0.0046788,           0.0046788,           0.0046788
                 217,            0.025618,           0.0070124,                   0,             0.99638,                   1,               0.995,             0.70007,            0.015971,            0.011985,                   0,            0.004654,            0.004654,            0.004654
                 218,            0.028565,           0.0070924,                   0,             0.99622,                   1,               0.995,              0.6082,            0.017023,            0.011878,                   0,           0.0046293,           0.0046293,           0.0046293
                 219,             0.02632,            0.006066,                   0,             0.99622,                   1,               0.995,              0.6082,            0.017023,            0.011878,                   0,           0.0046045,           0.0046045,           0.0046045
                 220,            0.025514,           0.0068424,                   0,             0.99651,                   1,               0.995,             0.68322,            0.016359,            0.011859,                   0,           0.0045798,           0.0045798,           0.0045798
                 221,            0.023553,           0.0079306,                   0,             0.99651,                   1,               0.995,             0.68322,            0.016359,            0.011859,                   0,            0.004555,            0.004555,            0.004555
                 222,            0.021593,           0.0070257,                   0,             0.99421,                   1,               0.995,             0.65659,            0.018103,             0.01164,                   0,           0.0045303,           0.0045303,           0.0045303
                 223,            0.025995,           0.0053061,                   0,             0.99421,                   1,               0.995,             0.65659,            0.018103,             0.01164,                   0,           0.0045055,           0.0045055,           0.0045055
                 224,             0.02756,           0.0066789,                   0,             0.99645,                   1,               0.995,             0.57446,            0.019684,            0.011361,                   0,           0.0044808,           0.0044808,           0.0044808
                 225,            0.026486,           0.0060637,                   0,             0.99645,                   1,               0.995,             0.57446,            0.019684,            0.011361,                   0,            0.004456,            0.004456,            0.004456
                 226,            0.030483,           0.0065206,                   0,             0.99643,                   1,               0.995,             0.64376,            0.018804,            0.011538,                   0,           0.0044313,           0.0044313,           0.0044313
                 227,            0.023545,           0.0057224,                   0,             0.99643,                   1,               0.995,             0.64376,            0.018804,            0.011538,                   0,           0.0044065,           0.0044065,           0.0044065
                 228,            0.025654,           0.0051216,                   0,              0.9956,                   1,               0.995,             0.61203,            0.016539,            0.011624,                   0,           0.0043818,           0.0043818,           0.0043818
                 229,             0.02178,           0.0061431,                   0,              0.9956,                   1,               0.995,             0.61203,            0.016539,            0.011624,                   0,            0.004357,            0.004357,            0.004357
                 230,            0.022646,           0.0048539,                   0,             0.99585,                   1,               0.995,             0.60086,            0.019954,            0.011521,                   0,           0.0043323,           0.0043323,           0.0043323
                 231,            0.025467,           0.0069187,                   0,             0.99585,                   1,               0.995,             0.60086,            0.019954,            0.011521,                   0,           0.0043075,           0.0043075,           0.0043075
                 232,            0.024915,           0.0062534,                   0,              0.9953,                   1,               0.995,              0.5726,            0.017652,            0.011617,                   0,           0.0042828,           0.0042828,           0.0042828
                 233,            0.028797,           0.0057653,                   0,              0.9953,                   1,               0.995,              0.5726,            0.017652,            0.011617,                   0,            0.004258,            0.004258,            0.004258
                 234,            0.022971,           0.0064532,                   0,             0.99562,                   1,               0.995,             0.55712,            0.019279,            0.011727,                   0,           0.0042333,           0.0042333,           0.0042333
                 235,            0.025395,           0.0047596,                   0,             0.99562,                   1,               0.995,             0.55712,            0.019279,            0.011727,                   0,           0.0042085,           0.0042085,           0.0042085
                 236,            0.025151,           0.0061595,                   0,             0.99532,                   1,               0.995,             0.66199,            0.017829,            0.011274,                   0,           0.0041837,           0.0041837,           0.0041837
                 237,             0.02705,           0.0068155,                   0,             0.99532,                   1,               0.995,             0.66199,            0.017829,            0.011274,                   0,            0.004159,            0.004159,            0.004159
                 238,            0.022415,           0.0065586,                   0,             0.99621,                   1,               0.995,              0.5997,            0.020137,            0.011338,                   0,           0.0041342,           0.0041342,           0.0041342
                 239,            0.024515,           0.0055925,                   0,             0.99621,                   1,               0.995,              0.5997,            0.020137,            0.011338,                   0,           0.0041095,           0.0041095,           0.0041095
                 240,            0.030663,           0.0053191,                   0,             0.99545,                   1,               0.995,             0.58566,            0.017284,            0.011367,                   0,           0.0040847,           0.0040847,           0.0040847
                 241,            0.031812,           0.0057845,                   0,             0.99545,                   1,               0.995,             0.58566,            0.017284,            0.011367,                   0,             0.00406,             0.00406,             0.00406
                 242,            0.019838,            0.004423,                   0,             0.99567,                   1,               0.995,              0.6479,            0.019665,            0.011461,                   0,           0.0040352,           0.0040352,           0.0040352
                 243,             0.02425,           0.0065653,                   0,             0.99567,                   1,               0.995,              0.6479,            0.019665,            0.011461,                   0,           0.0040105,           0.0040105,           0.0040105
                 244,            0.023776,             0.00637,                   0,             0.99502,                   1,               0.995,             0.62233,            0.016676,            0.011528,                   0,           0.0039857,           0.0039857,           0.0039857
                 245,            0.027178,            0.004718,                   0,             0.99502,                   1,               0.995,             0.62233,            0.016676,            0.011528,                   0,            0.003961,            0.003961,            0.003961
                 246,            0.025787,           0.0065647,                   0,             0.99489,                   1,               0.995,             0.73143,            0.016036,            0.011654,                   0,           0.0039362,           0.0039362,           0.0039362
                 247,            0.022401,           0.0056669,                   0,             0.99489,                   1,               0.995,             0.73143,            0.016036,            0.011654,                   0,           0.0039115,           0.0039115,           0.0039115
                 248,            0.023917,            0.006306,                   0,             0.99558,                   1,               0.995,             0.69297,            0.016315,            0.011419,                   0,           0.0038867,           0.0038867,           0.0038867
                 249,            0.021967,           0.0067679,                   0,             0.99558,                   1,               0.995,             0.69297,            0.016315,            0.011419,                   0,            0.003862,            0.003862,            0.003862
                 250,            0.023711,           0.0055357,                   0,             0.99604,                   1,               0.995,              0.6683,            0.017373,            0.011346,                   0,           0.0038372,           0.0038372,           0.0038372
                 251,            0.023077,           0.0059802,                   0,             0.99604,                   1,               0.995,              0.6683,            0.017373,            0.011346,                   0,           0.0038125,           0.0038125,           0.0038125
                 252,            0.021621,            0.004579,                   0,             0.99518,                   1,               0.995,             0.66307,            0.015078,            0.011373,                   0,           0.0037878,           0.0037878,           0.0037878
                 253,            0.021164,            0.006974,                   0,             0.99518,                   1,               0.995,             0.66307,            0.015078,            0.011373,                   0,            0.003763,            0.003763,            0.003763
                 254,             0.02216,           0.0049467,                   0,             0.99609,                   1,               0.995,             0.63519,            0.015958,            0.011194,                   0,           0.0037383,           0.0037383,           0.0037383
                 255,            0.023323,           0.0064859,                   0,             0.99609,                   1,               0.995,             0.63519,            0.015958,            0.011194,                   0,           0.0037135,           0.0037135,           0.0037135
                 256,            0.023652,           0.0059638,                   0,             0.99494,                   1,               0.995,             0.62225,             0.01584,            0.011034,                   0,           0.0036888,           0.0036888,           0.0036888
                 257,            0.020922,           0.0059428,                   0,             0.99494,                   1,               0.995,             0.62225,             0.01584,            0.011034,                   0,            0.003664,            0.003664,            0.003664
                 258,            0.023859,           0.0056541,                   0,             0.99548,                   1,               0.995,             0.61054,            0.015517,            0.010955,                   0,           0.0036393,           0.0036393,           0.0036393
                 259,            0.019329,           0.0052089,                   0,             0.99548,                   1,               0.995,             0.61054,            0.015517,            0.010955,                   0,           0.0036145,           0.0036145,           0.0036145
                 260,            0.020854,           0.0053062,                   0,             0.99541,                   1,               0.995,             0.63146,             0.01491,            0.010809,                   0,           0.0035898,           0.0035898,           0.0035898
                 261,            0.019459,           0.0062838,                   0,             0.99541,                   1,               0.995,             0.63146,             0.01491,            0.010809,                   0,            0.003565,            0.003565,            0.003565
                 262,            0.025528,           0.0050448,                   0,             0.99553,                   1,               0.995,             0.62583,            0.016285,            0.010688,                   0,           0.0035403,           0.0035403,           0.0035403
                 263,            0.019686,           0.0044668,                   0,             0.99553,                   1,               0.995,             0.62583,            0.016285,            0.010688,                   0,           0.0035155,           0.0035155,           0.0035155
                 264,            0.027403,           0.0067893,                   0,             0.99586,                   1,               0.995,             0.60696,            0.015019,            0.010617,                   0,           0.0034908,           0.0034908,           0.0034908
                 265,            0.022914,           0.0051331,                   0,             0.99586,                   1,               0.995,             0.60696,            0.015019,            0.010617,                   0,            0.003466,            0.003466,            0.003466
                 266,            0.022315,           0.0059315,                   0,             0.99659,                   1,               0.995,             0.64563,            0.016237,            0.010586,                   0,           0.0034413,           0.0034413,           0.0034413
                 267,            0.020098,           0.0067819,                   0,             0.99659,                   1,               0.995,             0.64563,            0.016237,            0.010586,                   0,           0.0034165,           0.0034165,           0.0034165
                 268,             0.01788,           0.0053051,                   0,             0.99582,                   1,               0.995,             0.69335,            0.015892,            0.010297,                   0,           0.0033918,           0.0033918,           0.0033918
                 269,            0.016854,           0.0063086,                   0,             0.99582,                   1,               0.995,             0.69335,            0.015892,            0.010297,                   0,            0.003367,            0.003367,            0.003367
                 270,            0.026913,           0.0056507,                   0,             0.99579,                   1,               0.995,              0.6346,            0.016541,            0.010418,                   0,           0.0033423,           0.0033423,           0.0033423
                 271,             0.02312,           0.0046918,                   0,             0.99579,                   1,               0.995,              0.6346,            0.016541,            0.010418,                   0,           0.0033175,           0.0033175,           0.0033175
                 272,            0.024771,           0.0046695,                   0,             0.99575,                   1,               0.995,             0.67356,            0.014068,            0.010257,                   0,           0.0032928,           0.0032928,           0.0032928
                 273,            0.018301,           0.0048276,                   0,             0.99575,                   1,               0.995,             0.67356,            0.014068,            0.010257,                   0,            0.003268,            0.003268,            0.003268
                 274,            0.026709,           0.0061911,                   0,             0.99639,                   1,               0.995,             0.68058,            0.016773,           0.0099661,                   0,           0.0032433,           0.0032433,           0.0032433
                 275,             0.03076,           0.0059753,                   0,             0.99639,                   1,               0.995,             0.68058,            0.016773,           0.0099661,                   0,           0.0032185,           0.0032185,           0.0032185
                 276,            0.020296,            0.005604,                   0,             0.99552,                   1,               0.995,              0.7144,            0.014368,           0.0099875,                   0,           0.0031938,           0.0031938,           0.0031938
                 277,            0.018639,           0.0044571,                   0,             0.99552,                   1,               0.995,              0.7144,            0.014368,           0.0099875,                   0,            0.003169,            0.003169,            0.003169
                 278,            0.022912,           0.0052646,                   0,             0.99654,                   1,               0.995,             0.68834,            0.015917,           0.0099081,                   0,           0.0031443,           0.0031443,           0.0031443
                 279,            0.024184,           0.0053998,                   0,             0.99654,                   1,               0.995,             0.68834,            0.015917,           0.0099081,                   0,           0.0031195,           0.0031195,           0.0031195
                 280,            0.022858,           0.0051655,                   0,             0.99579,                   1,               0.995,             0.70649,            0.014407,           0.0097934,                   0,           0.0030948,           0.0030948,           0.0030948
                 281,            0.021123,           0.0051644,                   0,             0.99579,                   1,               0.995,             0.70649,            0.014407,           0.0097934,                   0,             0.00307,             0.00307,             0.00307
                 282,            0.021056,           0.0052245,                   0,             0.99577,                   1,               0.995,             0.71644,            0.015788,           0.0096135,                   0,           0.0030452,           0.0030452,           0.0030452
                 283,            0.019139,           0.0053769,                   0,             0.99577,                   1,               0.995,             0.71644,            0.015788,           0.0096135,                   0,           0.0030205,           0.0030205,           0.0030205
                 284,             0.01568,           0.0053846,                   0,             0.99612,                   1,               0.995,             0.66241,            0.014843,           0.0095988,                   0,           0.0029957,           0.0029957,           0.0029957
                 285,             0.01862,           0.0051685,                   0,             0.99612,                   1,               0.995,             0.66241,            0.014843,           0.0095988,                   0,            0.002971,            0.002971,            0.002971
                 286,            0.021425,           0.0060602,                   0,             0.99661,                   1,               0.995,             0.62164,            0.020298,           0.0094428,                   0,           0.0029462,           0.0029462,           0.0029462
                 287,            0.024302,           0.0042843,                   0,             0.99661,                   1,               0.995,             0.62164,            0.020298,           0.0094428,                   0,           0.0029215,           0.0029215,           0.0029215
                 288,            0.023895,           0.0065056,                   0,             0.99541,                   1,               0.995,             0.58831,            0.015494,           0.0095186,                   0,           0.0028967,           0.0028967,           0.0028967
                 289,            0.019292,           0.0054749,                   0,             0.99541,                   1,               0.995,             0.58831,            0.015494,           0.0095186,                   0,            0.002872,            0.002872,            0.002872
                 290,            0.024309,           0.0043597,                   0,             0.99608,                   1,               0.995,              0.6578,            0.015252,           0.0093895,                   0,           0.0028472,           0.0028472,           0.0028472
                 291,            0.022232,           0.0049201,                   0,             0.99608,                   1,               0.995,              0.6578,            0.015252,           0.0093895,                   0,           0.0028225,           0.0028225,           0.0028225
                 292,            0.019137,           0.0042495,                   0,             0.99558,                   1,               0.995,             0.62528,            0.016431,           0.0093304,                   0,           0.0027977,           0.0027977,           0.0027977
                 293,             0.01712,           0.0043909,                   0,             0.99558,                   1,               0.995,             0.62528,            0.016431,           0.0093304,                   0,            0.002773,            0.002773,            0.002773
                 294,            0.020043,           0.0051538,                   0,             0.99696,                   1,               0.995,              0.6796,             0.01712,           0.0092533,                   0,           0.0027482,           0.0027482,           0.0027482
                 295,            0.018559,           0.0050269,                   0,             0.99696,                   1,               0.995,              0.6796,             0.01712,           0.0092533,                   0,           0.0027235,           0.0027235,           0.0027235
                 296,            0.023754,           0.0045318,                   0,             0.99675,                   1,               0.995,             0.69661,            0.016311,           0.0092703,                   0,           0.0026987,           0.0026987,           0.0026987
                 297,            0.016442,           0.0031921,                   0,             0.99675,                   1,               0.995,             0.69661,            0.016311,           0.0092703,                   0,            0.002674,            0.002674,            0.002674
                 298,            0.020763,           0.0040055,                   0,             0.99685,                   1,               0.995,             0.70079,            0.015647,           0.0092348,                   0,           0.0026492,           0.0026492,           0.0026492
                 299,            0.021146,           0.0047362,                   0,             0.99685,                   1,               0.995,             0.70079,            0.015647,           0.0092348,                   0,           0.0026245,           0.0026245,           0.0026245
                 300,            0.017955,           0.0038692,                   0,             0.99683,                   1,               0.995,             0.63593,             0.01664,           0.0092043,                   0,           0.0025997,           0.0025997,           0.0025997
                 301,            0.022491,           0.0047563,                   0,             0.99683,                   1,               0.995,             0.63593,             0.01664,           0.0092043,                   0,            0.002575,            0.002575,            0.002575
                 302,            0.020918,           0.0044015,                   0,             0.99681,                   1,               0.995,             0.68746,            0.016031,           0.0092172,                   0,           0.0025503,           0.0025503,           0.0025503
                 303,            0.019312,           0.0047274,                   0,             0.99681,                   1,               0.995,             0.68746,            0.016031,           0.0092172,                   0,           0.0025255,           0.0025255,           0.0025255
                 304,            0.023554,           0.0061313,                   0,             0.99671,                   1,               0.995,             0.68993,            0.014996,           0.0092182,                   0,           0.0025008,           0.0025008,           0.0025008
                 305,            0.016141,            0.004079,                   0,             0.99671,                   1,               0.995,             0.68993,            0.014996,           0.0092182,                   0,            0.002476,            0.002476,            0.002476
                 306,            0.020669,             0.00526,                   0,             0.99681,                   1,               0.995,             0.70793,             0.01516,           0.0091774,                   0,           0.0024513,           0.0024513,           0.0024513
                 307,            0.025981,           0.0062157,                   0,             0.99681,                   1,               0.995,             0.70793,             0.01516,           0.0091774,                   0,           0.0024265,           0.0024265,           0.0024265
                 308,            0.022608,           0.0047697,                   0,             0.99706,                   1,               0.995,             0.68835,              0.0154,           0.0091971,                   0,           0.0024018,           0.0024018,           0.0024018
                 309,            0.021113,           0.0048048,                   0,             0.99706,                   1,               0.995,             0.68835,              0.0154,           0.0091971,                   0,            0.002377,            0.002377,            0.002377
                 310,            0.022286,           0.0052952,                   0,             0.99696,                   1,               0.995,             0.70682,             0.01538,           0.0090462,                   0,           0.0023523,           0.0023523,           0.0023523
                 311,            0.021004,           0.0054493,                   0,             0.99696,                   1,               0.995,             0.70682,             0.01538,           0.0090462,                   0,           0.0023275,           0.0023275,           0.0023275
                 312,            0.027333,           0.0053346,                   0,             0.99701,                   1,               0.995,             0.69134,            0.016177,           0.0090174,                   0,           0.0023028,           0.0023028,           0.0023028
                 313,            0.022262,           0.0048853,                   0,             0.99701,                   1,               0.995,             0.69134,            0.016177,           0.0090174,                   0,            0.002278,            0.002278,            0.002278
                 314,              0.0241,           0.0054987,                   0,             0.99683,                   1,               0.995,             0.70927,            0.014064,           0.0090168,                   0,           0.0022533,           0.0022533,           0.0022533
                 315,            0.018659,           0.0052446,                   0,             0.99683,                   1,               0.995,             0.70927,            0.014064,           0.0090168,                   0,           0.0022285,           0.0022285,           0.0022285
                 316,            0.021011,           0.0061451,                   0,               0.997,                   1,               0.995,             0.69191,            0.014945,           0.0089993,                   0,           0.0022038,           0.0022038,           0.0022038
                 317,            0.021609,           0.0061391,                   0,               0.997,                   1,               0.995,             0.69191,            0.014945,           0.0089993,                   0,            0.002179,            0.002179,            0.002179
                 318,            0.019725,           0.0062989,                   0,             0.99693,                   1,               0.995,             0.70439,            0.014286,           0.0089312,                   0,           0.0021543,           0.0021543,           0.0021543
                 319,            0.018561,           0.0037428,                   0,             0.99693,                   1,               0.995,             0.70439,            0.014286,           0.0089312,                   0,           0.0021295,           0.0021295,           0.0021295
                 320,            0.016349,           0.0058551,                   0,             0.99698,                   1,               0.995,             0.68377,            0.015262,           0.0089071,                   0,           0.0021048,           0.0021048,           0.0021048
                 321,             0.01384,           0.0048912,                   0,             0.99698,                   1,               0.995,             0.68377,            0.015262,           0.0089071,                   0,             0.00208,             0.00208,             0.00208
                 322,            0.020503,           0.0062325,                   0,             0.99695,                   1,               0.995,             0.67782,            0.014808,           0.0088558,                   0,           0.0020553,           0.0020553,           0.0020553
                 323,            0.017413,           0.0055318,                   0,             0.99695,                   1,               0.995,             0.67782,            0.014808,           0.0088558,                   0,           0.0020305,           0.0020305,           0.0020305
                 324,            0.017759,           0.0060921,                   0,             0.99695,                   1,               0.995,             0.67397,            0.015164,           0.0088012,                   0,           0.0020058,           0.0020058,           0.0020058
                 325,            0.015763,           0.0053691,                   0,             0.99695,                   1,               0.995,             0.67397,            0.015164,           0.0088012,                   0,            0.001981,            0.001981,            0.001981
                 326,            0.014524,           0.0051568,                   0,             0.99696,                   1,               0.995,             0.68638,            0.014944,           0.0087629,                   0,           0.0019563,           0.0019563,           0.0019563
                 327,            0.022383,           0.0054791,                   0,             0.99696,                   1,               0.995,             0.68638,            0.014944,           0.0087629,                   0,           0.0019315,           0.0019315,           0.0019315
                 328,            0.019179,           0.0041683,                   0,             0.99697,                   1,               0.995,             0.65928,            0.015733,           0.0087755,                   0,           0.0019068,           0.0019068,           0.0019068
                 329,            0.019956,           0.0058821,                   0,             0.99697,                   1,               0.995,             0.65928,            0.015733,           0.0087755,                   0,            0.001882,            0.001882,            0.001882
                 330,            0.017444,           0.0052747,                   0,             0.99671,                   1,               0.995,             0.70431,            0.014873,           0.0086391,                   0,           0.0018572,           0.0018572,           0.0018572
                 331,             0.01758,           0.0050374,                   0,             0.99671,                   1,               0.995,             0.70431,            0.014873,           0.0086391,                   0,           0.0018325,           0.0018325,           0.0018325
                 332,            0.020098,           0.0050398,                   0,             0.99686,                   1,               0.995,             0.70541,            0.014918,           0.0085655,                   0,           0.0018077,           0.0018077,           0.0018077
                 333,            0.017651,            0.003958,                   0,             0.99686,                   1,               0.995,             0.70541,            0.014918,           0.0085655,                   0,            0.001783,            0.001783,            0.001783
                 334,            0.018927,            0.005061,                   0,             0.99685,                   1,               0.995,             0.68687,            0.015969,           0.0085689,                   0,           0.0017582,           0.0017582,           0.0017582
                 335,            0.018069,           0.0058949,                   0,             0.99685,                   1,               0.995,             0.68687,            0.015969,           0.0085689,                   0,           0.0017335,           0.0017335,           0.0017335
                 336,            0.018554,           0.0047701,                   0,             0.99615,                   1,               0.995,             0.67487,            0.014799,            0.008504,                   0,           0.0017087,           0.0017087,           0.0017087
                 337,            0.016038,           0.0042702,                   0,             0.99615,                   1,               0.995,             0.67487,            0.014799,            0.008504,                   0,            0.001684,            0.001684,            0.001684
                 338,            0.014389,            0.004796,                   0,             0.99694,                   1,               0.995,             0.69895,            0.015068,           0.0084811,                   0,           0.0016592,           0.0016592,           0.0016592
                 339,             0.01366,           0.0052826,                   0,             0.99694,                   1,               0.995,             0.69895,            0.015068,           0.0084811,                   0,           0.0016345,           0.0016345,           0.0016345
                 340,            0.019221,           0.0047394,                   0,             0.99691,                   1,               0.995,             0.68918,            0.015255,           0.0083753,                   0,           0.0016097,           0.0016097,           0.0016097
                 341,            0.015148,           0.0043077,                   0,             0.99691,                   1,               0.995,             0.68918,            0.015255,           0.0083753,                   0,            0.001585,            0.001585,            0.001585
                 342,            0.020777,           0.0040817,                   0,             0.99688,                   1,               0.995,              0.7088,            0.014687,           0.0083763,                   0,           0.0015602,           0.0015602,           0.0015602
                 343,            0.020392,           0.0048557,                   0,             0.99688,                   1,               0.995,              0.7088,            0.014687,           0.0083763,                   0,           0.0015355,           0.0015355,           0.0015355
                 344,            0.020057,           0.0042714,                   0,             0.99692,                   1,               0.995,             0.70406,            0.014866,           0.0083492,                   0,           0.0015107,           0.0015107,           0.0015107
                 345,            0.018635,            0.005403,                   0,             0.99692,                   1,               0.995,             0.70406,            0.014866,           0.0083492,                   0,            0.001486,            0.001486,            0.001486
                 346,            0.017396,           0.0047343,                   0,             0.99703,                   1,               0.995,             0.69157,            0.015379,            0.008347,                   0,           0.0014612,           0.0014612,           0.0014612
                 347,            0.015927,           0.0046258,                   0,             0.99703,                   1,               0.995,             0.69157,            0.015379,            0.008347,                   0,           0.0014365,           0.0014365,           0.0014365
