               epoch,      train/box_loss,      train/obj_loss,      train/cls_loss,   metrics/precision,      metrics/recall,     metrics/mAP_0.5,metrics/mAP_0.5:0.95,        val/box_loss,        val/obj_loss,        val/cls_loss,               x/lr0,               x/lr1,               x/lr2
                   0,             0.13403,            0.027312,                   0,                   0,                   0,                   0,                   0,               0.094,            0.024967,                   0,              0.0991,              0.0001,              0.0001
                   1,             0.13045,            0.026649,                   0,                   0,                   0,                   0,                   0,            0.090967,            0.024853,                   0,            0.097299,          0.00029926,          0.00029926
                   2,             0.12904,            0.026117,                   0,                   0,                   0,                   0,                   0,            0.088202,            0.025169,                   0,            0.095498,          0.00049752,          0.00049752
                   3,             0.12667,            0.025821,                   0,                   0,                   0,                   0,                   0,            0.081642,            0.026672,                   0,            0.093695,           0.0006948,           0.0006948
                   4,             0.12393,              0.0246,                   0,                   0,                   0,                   0,                   0,            0.075381,            0.028435,                   0,            0.091891,          0.00089109,          0.00089109
                   5,             0.11998,            0.025335,                   0,                   0,                   0,                   0,                   0,            0.070092,            0.029877,                   0,            0.090086,           0.0010864,           0.0010864
                   6,             0.11696,            0.024077,                   0,                   0,                   0,                   0,                   0,            0.066839,            0.030537,                   0,            0.088281,           0.0012807,           0.0012807
                   7,             0.10823,            0.022184,                   0,          0.00030303,            0.041667,          0.00016318,          3.2635e-05,            0.064002,            0.031006,                   0,            0.086474,            0.001474,            0.001474
                   8,            0.092316,            0.023764,                   0,          0.00030303,            0.041667,           0.0001618,          4.8539e-05,            0.062119,             0.03141,                   0,            0.084666,           0.0016663,           0.0016663
                   9,             0.10959,            0.023875,                   0,          0.00030303,            0.041667,          0.00016057,          4.8171e-05,            0.061219,            0.031471,                   0,            0.082858,           0.0018577,           0.0018577
                  10,             0.11211,            0.022403,                   0,          0.00030303,            0.041667,          0.00015974,          1.5974e-05,            0.060534,            0.031231,                   0,            0.081048,            0.002048,            0.002048
                  11,             0.10779,             0.02083,                   0,                   0,                   0,                   0,                   0,            0.060665,            0.030769,                   0,            0.079237,           0.0022374,           0.0022374
                  12,             0.10585,            0.019964,                   0,                   0,                   0,                   0,                   0,            0.057933,            0.031467,                   0,            0.077426,           0.0024257,           0.0024257
                  13,             0.10411,            0.021417,                   0,                   0,                   0,                   0,                   0,            0.058227,              0.0308,                   0,            0.075613,           0.0026131,           0.0026131
                  14,             0.10636,            0.019828,                   0,                   0,                   0,                   0,                   0,            0.058347,            0.030212,                   0,              0.0738,           0.0027995,           0.0027995
                  15,             0.10658,             0.02071,                   0,                   0,                   0,                   0,                   0,            0.056308,            0.030712,                   0,            0.071985,           0.0029849,           0.0029849
                  16,             0.10285,            0.017677,                   0,                   0,                   0,                   0,                   0,            0.053951,            0.031296,                   0,            0.070169,           0.0031693,           0.0031693
                  17,            0.085911,            0.021244,                   0,                   0,                   0,                   0,                   0,            0.053854,            0.030796,                   0,            0.068353,           0.0033527,           0.0033527
                  18,             0.10108,            0.018879,                   0,                   0,                   0,                   0,                   0,            0.051812,            0.031265,                   0,            0.066535,           0.0035352,           0.0035352
                  19,            0.096643,            0.020714,                   0,                   0,                   0,                   0,                   0,            0.052812,            0.030008,                   0,            0.064717,           0.0037166,           0.0037166
                  20,             0.10276,            0.020692,                   0,                   0,                   0,                   0,                   0,            0.052011,            0.029955,                   0,            0.062897,            0.003897,            0.003897
                  21,            0.095492,            0.017793,                   0,                   0,                   0,                   0,                   0,            0.049198,            0.031086,                   0,            0.061077,           0.0040765,           0.0040765
                  22,            0.094088,            0.016968,                   0,           0.0012121,             0.16667,          0.00080281,          0.00013156,            0.047859,            0.030987,                   0,            0.059255,            0.004255,            0.004255
                  23,            0.073575,            0.016327,                   0,           0.0021212,             0.29167,           0.0014953,          0.00040886,            0.049311,            0.029989,                   0,            0.057432,           0.0044325,           0.0044325
                  24,            0.096028,            0.018366,                   0,           0.0021212,             0.29167,           0.0019726,          0.00031829,            0.051747,            0.027918,                   0,            0.055609,           0.0046089,           0.0046089
                  25,            0.097255,            0.016558,                   0,           0.0024242,             0.33333,           0.0022831,          0.00044044,            0.044896,            0.030949,                   0,            0.053784,           0.0047844,           0.0047844
                  26,            0.092591,            0.016164,                   0,           0.0024242,             0.33333,           0.0018004,          0.00036749,            0.053749,            0.026823,                   0,            0.051959,           0.0049589,           0.0049589
                  27,            0.093317,            0.016961,                   0,           0.0024242,             0.33333,           0.0018004,          0.00036749,            0.053749,            0.026823,                   0,            0.050132,           0.0051325,           0.0051325
                  28,            0.071291,            0.017182,                   0,           0.0039394,             0.54167,           0.0033391,           0.0010465,            0.043054,            0.031347,                   0,            0.048305,            0.005305,            0.005305
                  29,            0.089887,            0.016999,                   0,           0.0057576,             0.79167,           0.0060767,           0.0013439,            0.044064,            0.029833,                   0,            0.046477,           0.0054765,           0.0054765
                  30,            0.073055,            0.015568,                   0,           0.0057576,             0.79167,           0.0060767,           0.0013439,            0.044064,            0.029833,                   0,            0.044647,           0.0056471,           0.0056471
                  31,            0.087347,            0.013679,                   0,           0.0057576,             0.79167,           0.0086321,           0.0022277,            0.046757,            0.028036,                   0,            0.042817,           0.0058166,           0.0058166
                  32,            0.093761,            0.016691,                   0,           0.0030303,             0.41667,           0.0028156,          0.00049305,            0.055914,            0.023483,                   0,            0.040985,           0.0059852,           0.0059852
                  33,            0.099446,            0.013826,                   0,           0.0030303,             0.41667,           0.0028156,          0.00049305,            0.055914,            0.023483,                   0,            0.039153,           0.0061528,           0.0061528
                  34,            0.089614,            0.015587,                   0,           0.0066667,             0.91667,           0.0088036,           0.0025342,            0.046694,             0.02744,                   0,            0.037319,           0.0063194,           0.0063194
                  35,            0.087645,            0.016597,                   0,           0.0060606,             0.83333,            0.009785,           0.0023314,            0.051023,            0.024869,                   0,            0.035485,            0.006485,            0.006485
                  36,            0.086588,            0.014691,                   0,           0.0060606,             0.83333,            0.009785,           0.0023314,            0.051023,            0.024869,                   0,             0.03365,           0.0066496,           0.0066496
                  37,            0.072471,            0.012348,                   0,           0.0057576,             0.79167,           0.0083882,           0.0016956,            0.050495,            0.024991,                   0,            0.031813,           0.0068132,           0.0068132
                  38,            0.089288,            0.013485,                   0,           0.0021212,             0.29167,           0.0032933,          0.00041876,            0.060423,            0.020048,                   0,            0.029976,           0.0069758,           0.0069758
                  39,            0.097231,            0.012992,                   0,           0.0021212,             0.29167,           0.0032933,          0.00041876,            0.060423,            0.020048,                   0,            0.028137,           0.0071375,           0.0071375
                  40,            0.096657,            0.014963,                   0,           0.0030303,             0.41667,            0.002485,          0.00052625,             0.06075,            0.019583,                   0,            0.026298,           0.0072981,           0.0072981
                  41,            0.094345,            0.012151,                   0,           0.0069697,             0.95833,            0.018922,           0.0033319,            0.047504,            0.026324,                   0,            0.024458,           0.0074578,           0.0074578
                  42,            0.073309,            0.011778,                   0,           0.0069697,             0.95833,            0.018922,           0.0033319,            0.047504,            0.026324,                   0,            0.022616,           0.0076164,           0.0076164
                  43,            0.091574,            0.016297,                   0,           0.0066667,             0.91667,            0.015491,           0.0027499,            0.045096,            0.027247,                   0,            0.020774,           0.0077741,           0.0077741
                  44,            0.086231,             0.01497,                   0,           0.0066667,             0.91667,            0.015491,           0.0027499,            0.045096,            0.027247,                   0,            0.018931,           0.0079308,           0.0079308
                  45,            0.086492,             0.01309,                   0,           0.0048485,             0.66667,           0.0049864,          0.00078099,            0.047608,            0.026571,                   0,            0.017086,           0.0080865,           0.0080865
                  46,            0.088384,             0.01712,                   0,           0.0048485,             0.66667,           0.0049864,          0.00078099,            0.047608,            0.026571,                   0,            0.015241,           0.0082412,           0.0082412
                  47,            0.069391,            0.017095,                   0,           0.0048485,             0.66667,            0.005109,          0.00078187,            0.051195,            0.023822,                   0,            0.013395,           0.0083949,           0.0083949
                  48,            0.088533,            0.013345,                   0,           0.0048485,             0.66667,            0.005109,          0.00078187,            0.051195,            0.023822,                   0,            0.011548,           0.0085476,           0.0085476
                  49,            0.090991,            0.011376,                   0,           0.0069697,             0.95833,            0.022658,           0.0063374,            0.041454,            0.028105,                   0,           0.0096994,           0.0086994,           0.0086994
                  50,            0.079374,            0.013652,                   0,           0.0069697,             0.95833,            0.022658,           0.0063374,            0.041454,            0.028105,                   0,           0.0087625,           0.0087625,           0.0087625
                  51,            0.079899,            0.015407,                   0,           0.0066667,             0.91667,            0.012025,           0.0022888,            0.047912,            0.025126,                   0,           0.0087625,           0.0087625,           0.0087625
                  52,            0.087787,            0.011252,                   0,           0.0066667,             0.91667,            0.012025,           0.0022888,            0.047912,            0.025126,                   0,           0.0087378,           0.0087378,           0.0087378
                  53,            0.089272,            0.016626,                   0,           0.0051515,             0.70833,            0.067496,            0.014898,            0.058207,            0.020032,                   0,            0.008713,            0.008713,            0.008713
                  54,            0.096027,            0.015789,                   0,           0.0051515,             0.70833,            0.067496,            0.014898,            0.058207,            0.020032,                   0,           0.0086882,           0.0086882,           0.0086882
                  55,            0.094729,            0.012445,                   0,           0.0072727,                   1,            0.053499,            0.013057,            0.043621,            0.026932,                   0,           0.0086635,           0.0086635,           0.0086635
                  56,            0.085537,             0.01435,                   0,           0.0072727,                   1,            0.053499,            0.013057,            0.043621,            0.026932,                   0,           0.0086388,           0.0086388,           0.0086388
                  57,             0.08349,            0.015051,                   0,           0.0072727,                   1,             0.43315,            0.096979,            0.039968,             0.02812,                   0,            0.008614,            0.008614,            0.008614
                  58,            0.040138,            0.013426,                   0,           0.0072727,                   1,             0.43315,            0.096979,            0.039968,             0.02812,                   0,           0.0085893,           0.0085893,           0.0085893
                  59,            0.073143,            0.014123,                   0,           0.0072727,                   1,             0.34681,            0.067087,            0.042633,            0.026941,                   0,           0.0085645,           0.0085645,           0.0085645
                  60,            0.075011,            0.013105,                   0,           0.0072727,                   1,             0.34681,            0.067087,            0.042633,            0.026941,                   0,           0.0085398,           0.0085398,           0.0085398
                  61,            0.073578,            0.011661,                   0,           0.0072727,                   1,             0.42985,            0.067762,            0.039412,            0.027983,                   0,            0.008515,            0.008515,            0.008515
                  62,            0.076585,            0.011623,                   0,           0.0072727,                   1,             0.42985,            0.067762,            0.039412,            0.027983,                   0,           0.0084903,           0.0084903,           0.0084903
                  63,            0.078568,            0.015118,                   0,           0.0072727,                   1,             0.39419,             0.14857,            0.038784,             0.02815,                   0,           0.0084655,           0.0084655,           0.0084655
                  64,            0.073231,             0.01479,                   0,           0.0072727,                   1,             0.39419,             0.14857,            0.038784,             0.02815,                   0,           0.0084408,           0.0084408,           0.0084408
                  65,            0.077848,            0.013089,                   0,           0.0069697,             0.95833,             0.20033,            0.040054,             0.04272,            0.025889,                   0,            0.008416,            0.008416,            0.008416
                  66,            0.078867,            0.012414,                   0,           0.0069697,             0.95833,             0.20033,            0.040054,             0.04272,            0.025889,                   0,           0.0083913,           0.0083913,           0.0083913
                  67,            0.080663,            0.011438,                   0,           0.0072727,                   1,             0.63588,             0.21209,            0.032343,            0.030145,                   0,           0.0083665,           0.0083665,           0.0083665
                  68,            0.069262,            0.018176,                   0,           0.0072727,                   1,             0.63588,             0.21209,            0.032343,            0.030145,                   0,           0.0083418,           0.0083418,           0.0083418
                  69,            0.052329,            0.015483,                   0,           0.0072727,                   1,             0.31922,            0.063684,            0.040558,            0.026178,                   0,            0.008317,            0.008317,            0.008317
                  70,            0.077668,            0.011252,                   0,           0.0072727,                   1,             0.31922,            0.063684,            0.040558,            0.026178,                   0,           0.0082922,           0.0082922,           0.0082922
                  71,            0.059842,            0.013069,                   0,           0.0072727,                   1,             0.71456,             0.22106,             0.03983,             0.02589,                   0,           0.0082675,           0.0082675,           0.0082675
                  72,            0.068157,            0.010986,                   0,           0.0072727,                   1,             0.71456,             0.22106,             0.03983,             0.02589,                   0,           0.0082428,           0.0082428,           0.0082428
                  73,            0.067901,            0.014026,                   0,            0.015506,                   1,             0.71365,              0.2144,            0.037676,            0.026774,                   0,            0.008218,            0.008218,            0.008218
                  74,            0.074633,            0.015438,                   0,            0.015506,                   1,             0.71365,              0.2144,            0.037676,            0.026774,                   0,           0.0081932,           0.0081932,           0.0081932
                  75,            0.074054,            0.014527,                   0,             0.47565,             0.91667,             0.79587,             0.37831,            0.034562,            0.027496,                   0,           0.0081685,           0.0081685,           0.0081685
                  76,            0.046802,            0.013971,                   0,             0.47565,             0.91667,             0.79587,             0.37831,            0.034562,            0.027496,                   0,           0.0081437,           0.0081437,           0.0081437
                  77,            0.063311,            0.015669,                   0,             0.80608,             0.70833,             0.83805,             0.39607,            0.032182,            0.027342,                   0,            0.008119,            0.008119,            0.008119
                  78,            0.045021,            0.014712,                   0,             0.80608,             0.70833,             0.83805,             0.39607,            0.032182,            0.027342,                   0,           0.0080942,           0.0080942,           0.0080942
                  79,            0.060849,            0.015722,                   0,             0.75842,             0.33333,             0.72201,             0.20101,            0.037488,            0.024096,                   0,           0.0080695,           0.0080695,           0.0080695
                  80,            0.070096,            0.011195,                   0,             0.75842,             0.33333,             0.72201,             0.20101,            0.037488,            0.024096,                   0,           0.0080447,           0.0080447,           0.0080447
                  81,            0.069939,           0.0098972,                   0,             0.88618,             0.32519,              0.7004,             0.33129,            0.033317,            0.026312,                   0,             0.00802,             0.00802,             0.00802
                  82,            0.065336,            0.012519,                   0,             0.88618,             0.32519,              0.7004,             0.33129,            0.033317,            0.026312,                   0,           0.0079953,           0.0079953,           0.0079953
                  83,            0.067284,            0.014441,                   0,             0.25083,             0.79167,             0.25412,            0.057473,            0.049926,            0.019735,                   0,           0.0079705,           0.0079705,           0.0079705
                  84,            0.069539,            0.011992,                   0,             0.25083,             0.79167,             0.25412,            0.057473,            0.049926,            0.019735,                   0,           0.0079457,           0.0079457,           0.0079457
                  85,            0.072563,            0.011707,                   0,             0.45533,             0.29167,             0.47323,             0.14805,            0.036473,             0.02449,                   0,            0.007921,            0.007921,            0.007921
                  86,            0.048756,            0.013285,                   0,             0.45533,             0.29167,             0.47323,             0.14805,            0.036473,             0.02449,                   0,           0.0078963,           0.0078963,           0.0078963
                  87,            0.061836,            0.013864,                   0,             0.78382,             0.33333,             0.61307,             0.19934,            0.034962,            0.024474,                   0,           0.0078715,           0.0078715,           0.0078715
                  88,            0.053906,            0.015019,                   0,             0.78382,             0.33333,             0.61307,             0.19934,            0.034962,            0.024474,                   0,           0.0078467,           0.0078467,           0.0078467
                  89,             0.05753,            0.013293,                   0,             0.31079,             0.39491,             0.36232,            0.075591,            0.039423,            0.023435,                   0,            0.007822,            0.007822,            0.007822
                  90,            0.059346,           0.0087525,                   0,             0.31079,             0.39491,             0.36232,            0.075591,            0.039423,            0.023435,                   0,           0.0077973,           0.0077973,           0.0077973
                  91,            0.061526,           0.0096497,                   0,             0.90992,             0.42122,             0.85295,             0.41056,            0.031255,            0.025876,                   0,           0.0077725,           0.0077725,           0.0077725
                  92,            0.054396,             0.01308,                   0,             0.90992,             0.42122,             0.85295,             0.41056,            0.031255,            0.025876,                   0,           0.0077478,           0.0077478,           0.0077478
                  93,            0.052785,            0.010607,                   0,                   1,             0.31969,             0.87588,             0.40759,            0.032182,            0.026331,                   0,            0.007723,            0.007723,            0.007723
                  94,            0.058211,            0.013127,                   0,                   1,             0.31969,             0.87588,             0.40759,            0.032182,            0.026331,                   0,           0.0076983,           0.0076983,           0.0076983
                  95,            0.047211,            0.010623,                   0,                   1,             0.50767,             0.93254,             0.44164,            0.029198,             0.02643,                   0,           0.0076735,           0.0076735,           0.0076735
                  96,            0.057353,            0.016462,                   0,                   1,             0.50767,             0.93254,             0.44164,            0.029198,             0.02643,                   0,           0.0076488,           0.0076488,           0.0076488
                  97,            0.057651,            0.012729,                   0,             0.89672,             0.72403,             0.90389,             0.48913,             0.02884,            0.026045,                   0,            0.007624,            0.007624,            0.007624
                  98,            0.056419,            0.010236,                   0,             0.89672,             0.72403,             0.90389,             0.48913,             0.02884,            0.026045,                   0,           0.0075993,           0.0075993,           0.0075993
                  99,            0.054487,            0.011331,                   0,             0.75472,             0.76967,             0.79146,             0.16036,            0.034189,            0.024096,                   0,           0.0075745,           0.0075745,           0.0075745
                 100,             0.05547,            0.011171,                   0,             0.75472,             0.76967,             0.79146,             0.16036,            0.034189,            0.024096,                   0,           0.0075498,           0.0075498,           0.0075498
                 101,            0.042825,            0.010895,                   0,             0.82958,                0.75,             0.81889,             0.34588,            0.033415,            0.023968,                   0,            0.007525,            0.007525,            0.007525
                 102,            0.058877,            0.010385,                   0,             0.82958,                0.75,             0.81889,             0.34588,            0.033415,            0.023968,                   0,           0.0075003,           0.0075003,           0.0075003
                 103,            0.050361,            0.012195,                   0,             0.79243,             0.70833,             0.79059,             0.32938,            0.034237,            0.023839,                   0,           0.0074755,           0.0074755,           0.0074755
                 104,            0.059471,            0.012211,                   0,             0.79243,             0.70833,             0.79059,             0.32938,            0.034237,            0.023839,                   0,           0.0074507,           0.0074507,           0.0074507
                 105,            0.056783,             0.01288,                   0,             0.95417,             0.86787,             0.98009,             0.46077,            0.029167,            0.024873,                   0,            0.007426,            0.007426,            0.007426
                 106,             0.04725,            0.011134,                   0,             0.95417,             0.86787,             0.98009,             0.46077,            0.029167,            0.024873,                   0,           0.0074013,           0.0074013,           0.0074013
                 107,            0.040206,            0.013783,                   0,             0.80491,                0.75,             0.80379,             0.32899,            0.033217,            0.023989,                   0,           0.0073765,           0.0073765,           0.0073765
                 108,            0.054536,            0.011471,                   0,             0.80491,                0.75,             0.80379,             0.32899,            0.033217,            0.023989,                   0,           0.0073517,           0.0073517,           0.0073517
                 109,            0.046964,            0.011455,                   0,              0.9138,              0.8837,             0.93164,             0.32967,            0.032791,            0.023235,                   0,            0.007327,            0.007327,            0.007327
                 110,            0.051275,            0.009028,                   0,              0.9138,              0.8837,             0.93164,             0.32967,            0.032791,            0.023235,                   0,           0.0073023,           0.0073023,           0.0073023
                 111,            0.052554,            0.012916,                   0,             0.81856,             0.94027,             0.91164,             0.21883,            0.029506,            0.024966,                   0,           0.0072775,           0.0072775,           0.0072775
                 112,            0.052489,            0.012809,                   0,             0.81856,             0.94027,             0.91164,             0.21883,            0.029506,            0.024966,                   0,           0.0072527,           0.0072527,           0.0072527
                 113,            0.050133,            0.012587,                   0,             0.81563,             0.92182,             0.93237,             0.46998,            0.024837,            0.025511,                   0,            0.007228,            0.007228,            0.007228
                 114,            0.051368,            0.013147,                   0,             0.81563,             0.92182,             0.93237,             0.46998,            0.024837,            0.025511,                   0,           0.0072033,           0.0072033,           0.0072033
                 115,            0.038903,            0.014362,                   0,             0.85095,             0.95172,             0.96098,             0.48026,            0.025323,            0.024867,                   0,           0.0071785,           0.0071785,           0.0071785
                 116,            0.045734,            0.013724,                   0,             0.85095,             0.95172,             0.96098,             0.48026,            0.025323,            0.024867,                   0,           0.0071538,           0.0071538,           0.0071538
                 117,            0.045725,            0.012403,                   0,             0.90949,             0.95833,             0.94662,             0.31371,            0.027568,            0.023827,                   0,            0.007129,            0.007129,            0.007129
                 118,            0.053219,            0.011205,                   0,             0.90949,             0.95833,             0.94662,             0.31371,            0.027568,            0.023827,                   0,           0.0071042,           0.0071042,           0.0071042
                 119,            0.051051,            0.011094,                   0,             0.95914,             0.97843,              0.9934,             0.41015,            0.028552,            0.023156,                   0,           0.0070795,           0.0070795,           0.0070795
                 120,            0.049383,            0.012691,                   0,             0.95914,             0.97843,              0.9934,             0.41015,            0.028552,            0.023156,                   0,           0.0070547,           0.0070547,           0.0070547
                 121,            0.050965,            0.010134,                   0,             0.93065,                   1,               0.995,              0.5018,            0.025414,            0.023667,                   0,             0.00703,             0.00703,             0.00703
                 122,            0.051352,            0.014547,                   0,             0.93065,                   1,               0.995,              0.5018,            0.025414,            0.023667,                   0,           0.0070053,           0.0070053,           0.0070053
                 123,            0.048881,            0.011964,                   0,             0.99039,                   1,               0.995,             0.42099,            0.026562,             0.02272,                   0,           0.0069805,           0.0069805,           0.0069805
                 124,            0.048925,            0.011524,                   0,             0.99039,                   1,               0.995,             0.42099,            0.026562,             0.02272,                   0,           0.0069558,           0.0069558,           0.0069558
                 125,            0.050849,            0.011919,                   0,               0.456,             0.58333,             0.49434,             0.17929,            0.028705,             0.02331,                   0,            0.006931,            0.006931,            0.006931
                 126,            0.047196,            0.011189,                   0,               0.456,             0.58333,             0.49434,             0.17929,            0.028705,             0.02331,                   0,           0.0069063,           0.0069063,           0.0069063
                 127,            0.050756,            0.009969,                   0,                   1,             0.99286,               0.995,             0.42431,            0.027328,            0.021997,                   0,           0.0068815,           0.0068815,           0.0068815
                 128,            0.052738,           0.0095743,                   0,                   1,             0.99286,               0.995,             0.42431,            0.027328,            0.021997,                   0,           0.0068568,           0.0068568,           0.0068568
                 129,            0.050298,           0.0092117,                   0,             0.97019,                   1,               0.995,             0.23099,            0.025018,            0.023288,                   0,            0.006832,            0.006832,            0.006832
                 130,            0.036507,            0.010506,                   0,             0.97019,                   1,               0.995,             0.23099,            0.025018,            0.023288,                   0,           0.0068073,           0.0068073,           0.0068073
                 131,            0.030598,            0.010681,                   0,             0.97605,                   1,               0.995,             0.38966,            0.026369,             0.02263,                   0,           0.0067825,           0.0067825,           0.0067825
                 132,            0.048164,           0.0084935,                   0,             0.97605,                   1,               0.995,             0.38966,            0.026369,             0.02263,                   0,           0.0067577,           0.0067577,           0.0067577
                 133,            0.054451,           0.0099724,                   0,             0.98536,                   1,               0.995,             0.56376,            0.021531,            0.022636,                   0,            0.006733,            0.006733,            0.006733
                 134,            0.034084,           0.0091483,                   0,             0.98536,                   1,               0.995,             0.56376,            0.021531,            0.022636,                   0,           0.0067082,           0.0067082,           0.0067082
                 135,             0.04269,           0.0086035,                   0,             0.98153,                   1,               0.995,             0.54511,             0.02089,            0.022577,                   0,           0.0066835,           0.0066835,           0.0066835
                 136,            0.047697,           0.0092083,                   0,             0.98153,                   1,               0.995,             0.54511,             0.02089,            0.022577,                   0,           0.0066587,           0.0066587,           0.0066587
                 137,            0.051569,            0.012671,                   0,              0.8877,             0.98839,             0.95247,             0.49447,            0.027373,            0.021054,                   0,            0.006634,            0.006634,            0.006634
                 138,            0.048984,            0.010062,                   0,              0.8877,             0.98839,             0.95247,             0.49447,            0.027373,            0.021054,                   0,           0.0066092,           0.0066092,           0.0066092
                 139,            0.046585,            0.010037,                   0,             0.88555,                   1,             0.96712,             0.41913,            0.026506,             0.02162,                   0,           0.0065845,           0.0065845,           0.0065845
                 140,            0.035842,            0.010628,                   0,             0.88555,                   1,             0.96712,             0.41913,            0.026506,             0.02162,                   0,           0.0065598,           0.0065598,           0.0065598
                 141,            0.047257,           0.0090658,                   0,              0.9428,             0.95833,             0.96436,             0.30539,            0.028223,            0.020829,                   0,            0.006535,            0.006535,            0.006535
                 142,            0.050193,            0.011471,                   0,              0.9428,             0.95833,             0.96436,             0.30539,            0.028223,            0.020829,                   0,           0.0065102,           0.0065102,           0.0065102
                 143,            0.049984,            0.010705,                   0,             0.98803,                   1,               0.995,             0.56027,            0.021221,             0.02169,                   0,           0.0064855,           0.0064855,           0.0064855
                 144,            0.043201,           0.0091766,                   0,             0.98803,                   1,               0.995,             0.56027,            0.021221,             0.02169,                   0,           0.0064608,           0.0064608,           0.0064608
                 145,             0.04567,           0.0095784,                   0,             0.98856,                   1,               0.995,              0.3627,            0.027401,            0.019979,                   0,            0.006436,            0.006436,            0.006436
                 146,            0.042764,           0.0097275,                   0,             0.98856,                   1,               0.995,              0.3627,            0.027401,            0.019979,                   0,           0.0064112,           0.0064112,           0.0064112
                 147,            0.044562,           0.0079879,                   0,             0.86191,               0.875,             0.78765,             0.36902,            0.029169,            0.020167,                   0,           0.0063865,           0.0063865,           0.0063865
                 148,            0.046625,           0.0099804,                   0,             0.86191,               0.875,             0.78765,             0.36902,            0.029169,            0.020167,                   0,           0.0063618,           0.0063618,           0.0063618
                 149,            0.037731,             0.01081,                   0,             0.98845,                   1,               0.995,             0.33583,            0.022636,            0.021282,                   0,            0.006337,            0.006337,            0.006337
                 150,            0.044606,            0.012574,                   0,             0.98845,                   1,               0.995,             0.33583,            0.022636,            0.021282,                   0,           0.0063122,           0.0063122,           0.0063122
                 151,            0.045123,           0.0092089,                   0,             0.93639,                   1,               0.975,             0.54366,            0.021692,            0.020971,                   0,           0.0062875,           0.0062875,           0.0062875
                 152,            0.031844,           0.0090631,                   0,             0.93639,                   1,               0.975,             0.54366,            0.021692,            0.020971,                   0,           0.0062628,           0.0062628,           0.0062628
                 153,            0.042842,           0.0097212,                   0,             0.91423,                   1,             0.98145,              0.6023,            0.021635,            0.020116,                   0,            0.006238,            0.006238,            0.006238
                 154,            0.046482,           0.0097201,                   0,             0.91423,                   1,             0.98145,              0.6023,            0.021635,            0.020116,                   0,           0.0062132,           0.0062132,           0.0062132
                 155,             0.04312,           0.0090326,                   0,             0.91374,                   1,             0.94079,             0.42801,             0.02409,            0.020612,                   0,           0.0061885,           0.0061885,           0.0061885
                 156,            0.046426,           0.0079254,                   0,             0.91374,                   1,             0.94079,             0.42801,             0.02409,            0.020612,                   0,           0.0061637,           0.0061637,           0.0061637
                 157,            0.038736,            0.010838,                   0,                   1,             0.99527,               0.995,             0.46009,            0.023386,            0.020035,                   0,            0.006139,            0.006139,            0.006139
                 158,            0.033791,            0.010837,                   0,                   1,             0.99527,               0.995,             0.46009,            0.023386,            0.020035,                   0,           0.0061142,           0.0061142,           0.0061142
                 159,            0.031496,           0.0057861,                   0,              0.6819,             0.89352,             0.81687,              0.3345,             0.02811,            0.019744,                   0,           0.0060895,           0.0060895,           0.0060895
                 160,            0.049533,           0.0098852,                   0,              0.6819,             0.89352,             0.81687,              0.3345,             0.02811,            0.019744,                   0,           0.0060647,           0.0060647,           0.0060647
                 161,            0.049008,            0.011341,                   0,             0.99297,                   1,               0.995,             0.50793,            0.021776,              0.0201,                   0,             0.00604,             0.00604,             0.00604
                 162,             0.03922,            0.011582,                   0,             0.99297,                   1,               0.995,             0.50793,            0.021776,              0.0201,                   0,           0.0060152,           0.0060152,           0.0060152
                 163,            0.039162,           0.0090417,                   0,             0.99773,                   1,               0.995,             0.58911,            0.019649,            0.019725,                   0,           0.0059905,           0.0059905,           0.0059905
                 164,            0.039155,           0.0080447,                   0,             0.99773,                   1,               0.995,             0.58911,            0.019649,            0.019725,                   0,           0.0059658,           0.0059658,           0.0059658
                 165,            0.033913,           0.0096343,                   0,                   1,             0.99601,               0.995,             0.31107,            0.025346,            0.019492,                   0,            0.005941,            0.005941,            0.005941
                 166,            0.039385,            0.010547,                   0,                   1,             0.99601,               0.995,             0.31107,            0.025346,            0.019492,                   0,           0.0059163,           0.0059163,           0.0059163
                 167,            0.040639,           0.0088093,                   0,             0.99676,                   1,               0.995,             0.58519,             0.01854,            0.019795,                   0,           0.0058915,           0.0058915,           0.0058915
                 168,            0.038055,           0.0091296,                   0,             0.99676,                   1,               0.995,             0.58519,             0.01854,            0.019795,                   0,           0.0058668,           0.0058668,           0.0058668
                 169,            0.037536,           0.0089933,                   0,             0.98293,             0.95833,              0.9934,             0.41095,            0.022116,            0.019644,                   0,            0.005842,            0.005842,            0.005842
                 170,            0.047386,           0.0082599,                   0,             0.98293,             0.95833,              0.9934,             0.41095,            0.022116,            0.019644,                   0,           0.0058173,           0.0058173,           0.0058173
                 171,            0.029818,           0.0091007,                   0,             0.99634,                   1,               0.995,             0.46394,            0.021068,             0.01928,                   0,           0.0057925,           0.0057925,           0.0057925
                 172,            0.042478,            0.011878,                   0,             0.99634,                   1,               0.995,             0.46394,            0.021068,             0.01928,                   0,           0.0057678,           0.0057678,           0.0057678
                 173,            0.038611,            0.010151,                   0,             0.99771,                   1,               0.995,             0.51652,            0.019582,            0.019479,                   0,            0.005743,            0.005743,            0.005743
                 174,            0.036091,           0.0076314,                   0,             0.99771,                   1,               0.995,             0.51652,            0.019582,            0.019479,                   0,           0.0057183,           0.0057183,           0.0057183
                 175,            0.038172,           0.0088951,                   0,             0.99596,                   1,               0.995,             0.46957,            0.020607,            0.019204,                   0,           0.0056935,           0.0056935,           0.0056935
                 176,            0.036373,           0.0077206,                   0,             0.99596,                   1,               0.995,             0.46957,            0.020607,            0.019204,                   0,           0.0056688,           0.0056688,           0.0056688
                 177,            0.034883,           0.0088253,                   0,             0.91797,                   1,             0.92192,             0.45852,            0.022115,            0.018655,                   0,            0.005644,            0.005644,            0.005644
                 178,            0.043097,           0.0086419,                   0,             0.91797,                   1,             0.92192,             0.45852,            0.022115,            0.018655,                   0,           0.0056193,           0.0056193,           0.0056193
                 179,            0.043501,           0.0083263,                   0,             0.99508,                   1,               0.995,              0.5087,             0.01966,            0.018978,                   0,           0.0055945,           0.0055945,           0.0055945
                 180,            0.040928,           0.0099043,                   0,             0.99508,                   1,               0.995,              0.5087,             0.01966,            0.018978,                   0,           0.0055698,           0.0055698,           0.0055698
                 181,            0.039169,           0.0099171,                   0,             0.99532,                   1,               0.995,             0.54185,             0.02033,            0.018903,                   0,            0.005545,            0.005545,            0.005545
                 182,            0.041169,           0.0093187,                   0,             0.99532,                   1,               0.995,             0.54185,             0.02033,            0.018903,                   0,           0.0055202,           0.0055202,           0.0055202
                 183,            0.028198,           0.0078113,                   0,             0.99535,                   1,               0.995,             0.43552,            0.022607,            0.018536,                   0,           0.0054955,           0.0054955,           0.0054955
                 184,            0.045523,           0.0079771,                   0,             0.99535,                   1,               0.995,             0.43552,            0.022607,            0.018536,                   0,           0.0054707,           0.0054707,           0.0054707
                 185,            0.042692,           0.0073469,                   0,             0.99533,                   1,               0.995,             0.65769,             0.01661,            0.018844,                   0,            0.005446,            0.005446,            0.005446
                 186,            0.034856,           0.0090312,                   0,             0.99533,                   1,               0.995,             0.65769,             0.01661,            0.018844,                   0,           0.0054212,           0.0054212,           0.0054212
                 187,            0.035143,           0.0096534,                   0,             0.91569,             0.95833,             0.89075,             0.38501,            0.027016,            0.018111,                   0,           0.0053965,           0.0053965,           0.0053965
                 188,            0.041249,           0.0070283,                   0,             0.91569,             0.95833,             0.89075,             0.38501,            0.027016,            0.018111,                   0,           0.0053717,           0.0053717,           0.0053717
                 189,            0.037738,           0.0091128,                   0,             0.99595,                   1,               0.995,             0.61586,            0.018347,            0.018319,                   0,            0.005347,            0.005347,            0.005347
                 190,            0.040045,           0.0085231,                   0,             0.99595,                   1,               0.995,             0.61586,            0.018347,            0.018319,                   0,           0.0053223,           0.0053223,           0.0053223
                 191,            0.034125,           0.0089025,                   0,             0.95668,                   1,               0.965,             0.49803,             0.02175,            0.017895,                   0,           0.0052975,           0.0052975,           0.0052975
                 192,            0.042682,             0.00951,                   0,             0.95668,                   1,               0.965,             0.49803,             0.02175,            0.017895,                   0,           0.0052727,           0.0052727,           0.0052727
                 193,            0.041016,           0.0064528,                   0,              0.9799,             0.95833,             0.99056,             0.46455,            0.022507,            0.017694,                   0,            0.005248,            0.005248,            0.005248
                 194,            0.042921,            0.007417,                   0,              0.9799,             0.95833,             0.99056,             0.46455,            0.022507,            0.017694,                   0,           0.0052233,           0.0052233,           0.0052233
                 195,            0.041227,           0.0080396,                   0,             0.99625,                   1,               0.995,             0.57562,            0.020368,            0.017797,                   0,           0.0051985,           0.0051985,           0.0051985
                 196,            0.034801,           0.0086504,                   0,             0.99625,                   1,               0.995,             0.57562,            0.020368,            0.017797,                   0,           0.0051737,           0.0051737,           0.0051737
                 197,            0.035922,           0.0053832,                   0,             0.99626,                   1,               0.995,             0.53817,            0.020571,            0.017417,                   0,            0.005149,            0.005149,            0.005149
                 198,            0.024883,            0.006477,                   0,             0.99626,                   1,               0.995,             0.53817,            0.020571,            0.017417,                   0,           0.0051243,           0.0051243,           0.0051243
                 199,            0.036338,           0.0063153,                   0,             0.99657,                   1,               0.995,             0.64052,            0.018078,            0.017867,                   0,           0.0050995,           0.0050995,           0.0050995
                 200,            0.032062,           0.0075555,                   0,             0.99657,                   1,               0.995,             0.64052,            0.018078,            0.017867,                   0,           0.0050747,           0.0050747,           0.0050747
                 201,            0.032703,           0.0086257,                   0,             0.99621,                   1,               0.995,             0.57506,            0.018007,            0.017517,                   0,             0.00505,             0.00505,             0.00505
                 202,            0.028462,           0.0078452,                   0,             0.99621,                   1,               0.995,             0.57506,            0.018007,            0.017517,                   0,           0.0050253,           0.0050253,           0.0050253
                 203,            0.036522,            0.010253,                   0,             0.99596,                   1,               0.995,             0.67508,            0.017277,             0.01749,                   0,           0.0050005,           0.0050005,           0.0050005
                 204,            0.030106,           0.0079321,                   0,             0.99596,                   1,               0.995,             0.67508,            0.017277,             0.01749,                   0,           0.0049758,           0.0049758,           0.0049758
                 205,            0.032669,           0.0055809,                   0,             0.99551,                   1,               0.995,             0.41714,            0.022849,            0.016973,                   0,            0.004951,            0.004951,            0.004951
                 206,            0.034904,           0.0084204,                   0,             0.99551,                   1,               0.995,             0.41714,            0.022849,            0.016973,                   0,           0.0049263,           0.0049263,           0.0049263
                 207,            0.034993,           0.0064266,                   0,             0.99641,                   1,               0.995,             0.56908,            0.018983,            0.017146,                   0,           0.0049015,           0.0049015,           0.0049015
                 208,             0.03491,           0.0076759,                   0,             0.99641,                   1,               0.995,             0.56908,            0.018983,            0.017146,                   0,           0.0048768,           0.0048768,           0.0048768
                 209,            0.036523,            0.010618,                   0,             0.91964,                   1,             0.95462,             0.60046,            0.017618,            0.016765,                   0,            0.004852,            0.004852,            0.004852
                 210,            0.033646,           0.0071381,                   0,             0.91964,                   1,             0.95462,             0.60046,            0.017618,            0.016765,                   0,           0.0048272,           0.0048272,           0.0048272
                 211,            0.034148,           0.0084095,                   0,             0.99551,                   1,               0.995,             0.63801,            0.018783,            0.016922,                   0,           0.0048025,           0.0048025,           0.0048025
                 212,              0.0256,            0.008474,                   0,             0.99551,                   1,               0.995,             0.63801,            0.018783,            0.016922,                   0,           0.0047778,           0.0047778,           0.0047778
                 213,            0.033179,            0.010221,                   0,             0.99643,                   1,               0.995,             0.58562,            0.017594,            0.016707,                   0,            0.004753,            0.004753,            0.004753
                 214,            0.032282,           0.0075881,                   0,             0.99643,                   1,               0.995,             0.58562,            0.017594,            0.016707,                   0,           0.0047283,           0.0047283,           0.0047283
                 215,            0.028724,           0.0053009,                   0,              0.9965,                   1,               0.995,             0.65825,            0.017435,            0.016589,                   0,           0.0047035,           0.0047035,           0.0047035
                 216,            0.030405,           0.0080158,                   0,              0.9965,                   1,               0.995,             0.65825,            0.017435,            0.016589,                   0,           0.0046788,           0.0046788,           0.0046788
                 217,            0.033812,           0.0081296,                   0,             0.99652,                   1,               0.995,             0.51962,            0.018012,            0.016399,                   0,            0.004654,            0.004654,            0.004654
                 218,            0.035845,           0.0078504,                   0,             0.99652,                   1,               0.995,             0.51962,            0.018012,            0.016399,                   0,           0.0046293,           0.0046293,           0.0046293
                 219,            0.034694,           0.0068779,                   0,             0.99577,                   1,               0.995,             0.47313,             0.02101,            0.016492,                   0,           0.0046045,           0.0046045,           0.0046045
                 220,            0.038244,           0.0073514,                   0,             0.99577,                   1,               0.995,             0.47313,             0.02101,            0.016492,                   0,           0.0045798,           0.0045798,           0.0045798
                 221,            0.035376,           0.0087377,                   0,             0.99639,                   1,               0.995,             0.67863,            0.016698,            0.016076,                   0,            0.004555,            0.004555,            0.004555
                 222,            0.028628,           0.0076799,                   0,             0.99639,                   1,               0.995,             0.67863,            0.016698,            0.016076,                   0,           0.0045303,           0.0045303,           0.0045303
                 223,            0.032916,           0.0059675,                   0,             0.99643,                   1,               0.995,              0.5234,            0.018469,            0.016329,                   0,           0.0045055,           0.0045055,           0.0045055
                 224,            0.032659,            0.007688,                   0,             0.99643,                   1,               0.995,              0.5234,            0.018469,            0.016329,                   0,           0.0044808,           0.0044808,           0.0044808
                 225,            0.034221,           0.0071178,                   0,              0.9967,                   1,               0.995,             0.54205,            0.017945,            0.015851,                   0,            0.004456,            0.004456,            0.004456
                 226,             0.03633,            0.007557,                   0,              0.9967,                   1,               0.995,             0.54205,            0.017945,            0.015851,                   0,           0.0044313,           0.0044313,           0.0044313
                 227,            0.029309,           0.0068204,                   0,             0.99638,                   1,               0.995,             0.61121,             0.02007,            0.015382,                   0,           0.0044065,           0.0044065,           0.0044065
                 228,            0.033391,           0.0060384,                   0,             0.99638,                   1,               0.995,             0.61121,             0.02007,            0.015382,                   0,           0.0043818,           0.0043818,           0.0043818
                 229,            0.029583,            0.007026,                   0,             0.99664,                   1,               0.995,             0.65856,            0.015721,            0.015821,                   0,            0.004357,            0.004357,            0.004357
                 230,            0.033189,           0.0055892,                   0,             0.99664,                   1,               0.995,             0.65856,            0.015721,            0.015821,                   0,           0.0043323,           0.0043323,           0.0043323
                 231,            0.031866,           0.0079448,                   0,             0.99636,                   1,               0.995,             0.48443,            0.019564,            0.015938,                   0,           0.0043075,           0.0043075,           0.0043075
                 232,            0.034123,           0.0071442,                   0,             0.99636,                   1,               0.995,             0.48443,            0.019564,            0.015938,                   0,           0.0042828,           0.0042828,           0.0042828
                 233,            0.035265,              0.0065,                   0,             0.99622,                   1,               0.995,             0.69948,            0.016379,             0.01518,                   0,            0.004258,            0.004258,            0.004258
                 234,            0.030283,           0.0073073,                   0,             0.99622,                   1,               0.995,             0.69948,            0.016379,             0.01518,                   0,           0.0042333,           0.0042333,           0.0042333
                 235,             0.03159,           0.0055622,                   0,              0.9963,                   1,               0.995,             0.58502,            0.017089,             0.01546,                   0,           0.0042085,           0.0042085,           0.0042085
                 236,            0.034471,           0.0067927,                   0,              0.9963,                   1,               0.995,             0.58502,            0.017089,             0.01546,                   0,           0.0041837,           0.0041837,           0.0041837
                 237,            0.033315,           0.0077675,                   0,             0.99606,                   1,               0.995,             0.59322,            0.016263,            0.015391,                   0,            0.004159,            0.004159,            0.004159
                 238,             0.03319,           0.0080629,                   0,             0.99606,                   1,               0.995,             0.59322,            0.016263,            0.015391,                   0,           0.0041342,           0.0041342,           0.0041342
                 239,             0.02403,           0.0065101,                   0,              0.9962,                   1,               0.995,             0.48813,            0.020458,            0.015076,                   0,           0.0041095,           0.0041095,           0.0041095
                 240,            0.031109,           0.0063681,                   0,              0.9962,                   1,               0.995,             0.48813,            0.020458,            0.015076,                   0,           0.0040847,           0.0040847,           0.0040847
                 241,            0.032531,           0.0068425,                   0,             0.99602,                   1,               0.995,             0.62887,            0.016099,            0.015169,                   0,             0.00406,             0.00406,             0.00406
                 242,            0.019235,           0.0050804,                   0,             0.99602,                   1,               0.995,             0.62887,            0.016099,            0.015169,                   0,           0.0040352,           0.0040352,           0.0040352
                 243,            0.023501,           0.0077422,                   0,             0.99603,                   1,               0.995,             0.59369,            0.017274,            0.015093,                   0,           0.0040105,           0.0040105,           0.0040105
                 244,             0.02595,           0.0074172,                   0,             0.99603,                   1,               0.995,             0.59369,            0.017274,            0.015093,                   0,           0.0039857,           0.0039857,           0.0039857
                 245,            0.030277,           0.0053181,                   0,             0.99636,                   1,               0.995,             0.64166,            0.016319,            0.014694,                   0,            0.003961,            0.003961,            0.003961
                 246,            0.032252,           0.0071622,                   0,             0.99636,                   1,               0.995,             0.64166,            0.016319,            0.014694,                   0,           0.0039362,           0.0039362,           0.0039362
                 247,            0.034674,           0.0061342,                   0,             0.99604,                   1,               0.995,              0.4791,            0.020971,            0.014695,                   0,           0.0039115,           0.0039115,           0.0039115
                 248,            0.030135,           0.0070074,                   0,             0.99604,                   1,               0.995,              0.4791,            0.020971,            0.014695,                   0,           0.0038867,           0.0038867,           0.0038867
                 249,            0.036988,           0.0076973,                   0,             0.99614,                   1,               0.995,             0.68247,            0.015161,            0.014816,                   0,            0.003862,            0.003862,            0.003862
                 250,            0.028077,            0.006233,                   0,             0.99614,                   1,               0.995,             0.68247,            0.015161,            0.014816,                   0,           0.0038372,           0.0038372,           0.0038372
                 251,            0.022551,            0.006567,                   0,             0.99631,                   1,               0.995,             0.58686,            0.017198,            0.014693,                   0,           0.0038125,           0.0038125,           0.0038125
                 252,            0.021036,           0.0051661,                   0,             0.99631,                   1,               0.995,             0.58686,            0.017198,            0.014693,                   0,           0.0037878,           0.0037878,           0.0037878
                 253,            0.020797,           0.0082205,                   0,             0.99656,                   1,               0.995,             0.61993,            0.017278,            0.014325,                   0,            0.003763,            0.003763,            0.003763
                 254,            0.033632,           0.0055429,                   0,             0.99656,                   1,               0.995,             0.61993,            0.017278,            0.014325,                   0,           0.0037383,           0.0037383,           0.0037383
                 255,            0.028485,           0.0071346,                   0,             0.99645,                   1,               0.995,               0.597,            0.016721,            0.014705,                   0,           0.0037135,           0.0037135,           0.0037135
                 256,            0.028452,           0.0066631,                   0,             0.99645,                   1,               0.995,               0.597,            0.016721,            0.014705,                   0,           0.0036888,           0.0036888,           0.0036888
                 257,            0.028926,           0.0065285,                   0,             0.99674,                   1,               0.995,             0.57613,            0.015806,            0.014374,                   0,            0.003664,            0.003664,            0.003664
                 258,            0.034358,           0.0061651,                   0,             0.99674,                   1,               0.995,             0.57613,            0.015806,            0.014374,                   0,           0.0036393,           0.0036393,           0.0036393
                 259,            0.036422,           0.0058016,                   0,             0.99671,                   1,               0.995,             0.60769,            0.015996,              0.0145,                   0,           0.0036145,           0.0036145,           0.0036145
                 260,            0.027957,           0.0059569,                   0,             0.99671,                   1,               0.995,             0.60769,            0.015996,              0.0145,                   0,           0.0035898,           0.0035898,           0.0035898
                 261,            0.030538,           0.0070677,                   0,             0.99627,                   1,               0.995,             0.64627,            0.016073,            0.014154,                   0,            0.003565,            0.003565,            0.003565
                 262,            0.032262,           0.0056376,                   0,             0.99627,                   1,               0.995,             0.64627,            0.016073,            0.014154,                   0,           0.0035403,           0.0035403,           0.0035403
                 263,            0.030874,           0.0049713,                   0,             0.99688,                   1,               0.995,             0.61015,             0.01603,            0.014401,                   0,           0.0035155,           0.0035155,           0.0035155
                 264,            0.028301,           0.0076836,                   0,             0.99688,                   1,               0.995,             0.61015,             0.01603,            0.014401,                   0,           0.0034908,           0.0034908,           0.0034908
                 265,            0.032347,           0.0056736,                   0,             0.99677,                   1,               0.995,             0.66396,            0.014828,              0.0144,                   0,            0.003466,            0.003466,            0.003466
                 266,            0.029139,           0.0065045,                   0,             0.99677,                   1,               0.995,             0.66396,            0.014828,              0.0144,                   0,           0.0034413,           0.0034413,           0.0034413
                 267,             0.02405,           0.0077065,                   0,             0.99685,                   1,               0.995,             0.65195,            0.016664,            0.013782,                   0,           0.0034165,           0.0034165,           0.0034165
                 268,            0.033518,           0.0057635,                   0,             0.99685,                   1,               0.995,             0.65195,            0.016664,            0.013782,                   0,           0.0033918,           0.0033918,           0.0033918
                 269,            0.023004,           0.0070856,                   0,             0.99681,                   1,               0.995,             0.65177,            0.014736,             0.01407,                   0,            0.003367,            0.003367,            0.003367
                 270,            0.030039,           0.0061793,                   0,             0.99681,                   1,               0.995,             0.65177,            0.014736,             0.01407,                   0,           0.0033423,           0.0033423,           0.0033423
                 271,            0.030184,           0.0053388,                   0,             0.99686,                   1,               0.995,             0.65477,            0.015005,            0.013908,                   0,           0.0033175,           0.0033175,           0.0033175
                 272,            0.029739,           0.0052187,                   0,             0.99686,                   1,               0.995,             0.65477,            0.015005,            0.013908,                   0,           0.0032928,           0.0032928,           0.0032928
                 273,            0.021795,           0.0054484,                   0,             0.99692,                   1,               0.995,             0.67225,            0.015211,            0.013766,                   0,            0.003268,            0.003268,            0.003268
                 274,            0.032557,           0.0065543,                   0,             0.99692,                   1,               0.995,             0.67225,            0.015211,            0.013766,                   0,           0.0032433,           0.0032433,           0.0032433
                 275,            0.034607,           0.0065049,                   0,             0.99689,                   1,               0.995,             0.60836,            0.015133,            0.013971,                   0,           0.0032185,           0.0032185,           0.0032185
                 276,            0.025442,            0.005953,                   0,             0.99689,                   1,               0.995,             0.60836,            0.015133,            0.013971,                   0,           0.0031938,           0.0031938,           0.0031938
                 277,            0.017344,           0.0048932,                   0,             0.99691,                   1,               0.995,             0.68585,            0.015527,            0.013422,                   0,            0.003169,            0.003169,            0.003169
                 278,            0.030228,           0.0059917,                   0,             0.99691,                   1,               0.995,             0.68585,            0.015527,            0.013422,                   0,           0.0031443,           0.0031443,           0.0031443
                 279,            0.029919,           0.0059269,                   0,             0.99709,                   1,               0.995,             0.59324,            0.015759,            0.013823,                   0,           0.0031195,           0.0031195,           0.0031195
                 280,            0.029223,           0.0059374,                   0,             0.99709,                   1,               0.995,             0.59324,            0.015759,            0.013823,                   0,           0.0030948,           0.0030948,           0.0030948
                 281,            0.027504,           0.0057758,                   0,             0.99702,                   1,               0.995,             0.67993,            0.015619,            0.013293,                   0,             0.00307,             0.00307,             0.00307
                 282,            0.025385,           0.0058676,                   0,             0.99702,                   1,               0.995,             0.67993,            0.015619,            0.013293,                   0,           0.0030452,           0.0030452,           0.0030452
                 283,             0.02158,            0.005986,                   0,             0.99708,                   1,               0.995,             0.65274,            0.014849,            0.013318,                   0,           0.0030205,           0.0030205,           0.0030205
                 284,            0.020567,           0.0059018,                   0,             0.99708,                   1,               0.995,             0.65274,            0.014849,            0.013318,                   0,           0.0029957,           0.0029957,           0.0029957
                 285,            0.027542,           0.0057857,                   0,             0.99714,                   1,               0.995,             0.69689,            0.015277,            0.012956,                   0,            0.002971,            0.002971,            0.002971
                 286,            0.024547,           0.0067567,                   0,             0.99714,                   1,               0.995,             0.69689,            0.015277,            0.012956,                   0,           0.0029462,           0.0029462,           0.0029462
                 287,              0.0214,           0.0048578,                   0,             0.99715,                   1,               0.995,             0.62561,            0.014976,            0.013177,                   0,           0.0029215,           0.0029215,           0.0029215
                 288,            0.030614,           0.0071695,                   0,             0.99715,                   1,               0.995,             0.62561,            0.014976,            0.013177,                   0,           0.0028967,           0.0028967,           0.0028967
                 289,            0.028165,           0.0061075,                   0,             0.99716,                   1,               0.995,             0.66627,            0.014589,            0.013009,                   0,            0.002872,            0.002872,            0.002872
                 290,            0.034119,           0.0048052,                   0,             0.99716,                   1,               0.995,             0.66627,            0.014589,            0.013009,                   0,           0.0028472,           0.0028472,           0.0028472
                 291,            0.034733,           0.0054197,                   0,             0.99721,                   1,               0.995,             0.65008,             0.01499,            0.012811,                   0,           0.0028225,           0.0028225,           0.0028225
                 292,            0.028745,           0.0046282,                   0,             0.99721,                   1,               0.995,             0.65008,             0.01499,            0.012811,                   0,           0.0027977,           0.0027977,           0.0027977
                 293,              0.0228,           0.0048199,                   0,             0.99723,                   1,               0.995,             0.58374,            0.019221,            0.012436,                   0,            0.002773,            0.002773,            0.002773
                 294,            0.031154,           0.0055397,                   0,             0.99723,                   1,               0.995,             0.58374,            0.019221,            0.012436,                   0,           0.0027482,           0.0027482,           0.0027482
                 295,            0.027715,           0.0055413,                   0,             0.99719,                   1,               0.995,             0.68769,             0.01393,            0.012633,                   0,           0.0027235,           0.0027235,           0.0027235
                 296,            0.029911,           0.0049889,                   0,             0.99719,                   1,               0.995,             0.68769,             0.01393,            0.012633,                   0,           0.0026987,           0.0026987,           0.0026987
                 297,            0.028055,           0.0035963,                   0,             0.99725,                   1,               0.995,             0.58809,            0.016876,            0.012621,                   0,            0.002674,            0.002674,            0.002674
                 298,            0.021125,           0.0043747,                   0,             0.99725,                   1,               0.995,             0.58809,            0.016876,            0.012621,                   0,           0.0026492,           0.0026492,           0.0026492
                 299,            0.028191,            0.005124,                   0,             0.99707,                   1,               0.995,             0.69853,             0.01376,            0.012533,                   0,           0.0026245,           0.0026245,           0.0026245
                 300,            0.020138,           0.0043737,                   0,             0.99707,                   1,               0.995,             0.69853,             0.01376,            0.012533,                   0,           0.0025997,           0.0025997,           0.0025997
                 301,            0.025596,           0.0052725,                   0,             0.99729,                   1,               0.995,             0.62372,            0.015924,            0.012468,                   0,            0.002575,            0.002575,            0.002575
                 302,            0.025306,           0.0048471,                   0,             0.99729,                   1,               0.995,             0.62372,            0.015924,            0.012468,                   0,           0.0025503,           0.0025503,           0.0025503
                 303,            0.021398,           0.0053745,                   0,             0.99717,                   1,               0.995,             0.69998,            0.014561,            0.012251,                   0,           0.0025255,           0.0025255,           0.0025255
                 304,             0.02412,           0.0066452,                   0,             0.99717,                   1,               0.995,             0.69998,            0.014561,            0.012251,                   0,           0.0025008,           0.0025008,           0.0025008
                 305,            0.023664,           0.0043569,                   0,             0.99717,                   1,               0.995,              0.6641,            0.015113,            0.012233,                   0,            0.002476,            0.002476,            0.002476
                 306,            0.027535,            0.005792,                   0,             0.99717,                   1,               0.995,              0.6641,            0.015113,            0.012233,                   0,           0.0024513,           0.0024513,           0.0024513
                 307,            0.025018,           0.0067276,                   0,              0.9971,                   1,               0.995,             0.70486,            0.013726,             0.01212,                   0,           0.0024265,           0.0024265,           0.0024265
                 308,            0.026876,           0.0051082,                   0,              0.9971,                   1,               0.995,             0.70486,            0.013726,             0.01212,                   0,           0.0024018,           0.0024018,           0.0024018
                 309,            0.027389,           0.0052223,                   0,             0.99717,                   1,               0.995,             0.68541,            0.014796,            0.012128,                   0,            0.002377,            0.002377,            0.002377
                 310,            0.024952,           0.0058041,                   0,             0.99717,                   1,               0.995,             0.68541,            0.014796,            0.012128,                   0,           0.0023523,           0.0023523,           0.0023523
                 311,            0.020574,           0.0058096,                   0,             0.99705,                   1,               0.995,             0.70154,            0.013128,            0.012049,                   0,           0.0023275,           0.0023275,           0.0023275
                 312,            0.029468,           0.0058876,                   0,             0.99705,                   1,               0.995,             0.70154,            0.013128,            0.012049,                   0,           0.0023028,           0.0023028,           0.0023028
                 313,            0.024894,            0.005341,                   0,             0.99719,                   1,               0.995,             0.65657,             0.01487,            0.012032,                   0,            0.002278,            0.002278,            0.002278
                 314,            0.024745,            0.006128,                   0,             0.99719,                   1,               0.995,             0.65657,             0.01487,            0.012032,                   0,           0.0022533,           0.0022533,           0.0022533
                 315,            0.018924,            0.005701,                   0,             0.99698,                   1,               0.995,             0.68274,            0.013719,            0.011897,                   0,           0.0022285,           0.0022285,           0.0022285
                 316,            0.027249,           0.0065172,                   0,             0.99698,                   1,               0.995,             0.68274,            0.013719,            0.011897,                   0,           0.0022038,           0.0022038,           0.0022038
                 317,            0.027337,           0.0066048,                   0,             0.99703,                   1,               0.995,             0.69267,             0.01446,            0.011758,                   0,            0.002179,            0.002179,            0.002179
                 318,            0.021508,           0.0068043,                   0,             0.99703,                   1,               0.995,             0.69267,             0.01446,            0.011758,                   0,           0.0021543,           0.0021543,           0.0021543
                 319,             0.02446,           0.0040711,                   0,             0.99716,                   1,               0.995,             0.68637,            0.015071,            0.011709,                   0,           0.0021295,           0.0021295,           0.0021295
                 320,            0.019157,           0.0062822,                   0,             0.99716,                   1,               0.995,             0.68637,            0.015071,            0.011709,                   0,           0.0021048,           0.0021048,           0.0021048
                 321,            0.018975,           0.0053114,                   0,             0.99703,                   1,               0.995,              0.7055,            0.014027,             0.01168,                   0,             0.00208,             0.00208,             0.00208
                 322,            0.024107,           0.0066361,                   0,             0.99703,                   1,               0.995,              0.7055,            0.014027,             0.01168,                   0,           0.0020553,           0.0020553,           0.0020553
                 323,             0.01916,           0.0059829,                   0,             0.99721,                   1,               0.995,             0.68441,             0.01475,            0.011611,                   0,           0.0020305,           0.0020305,           0.0020305
                 324,            0.025908,           0.0067601,                   0,             0.99721,                   1,               0.995,             0.68441,             0.01475,            0.011611,                   0,           0.0020058,           0.0020058,           0.0020058
                 325,            0.024762,           0.0057022,                   0,              0.9971,                   1,               0.995,             0.69345,              0.0141,            0.011541,                   0,            0.001981,            0.001981,            0.001981
                 326,            0.023593,           0.0054305,                   0,              0.9971,                   1,               0.995,             0.69345,              0.0141,            0.011541,                   0,           0.0019563,           0.0019563,           0.0019563
                 327,            0.023692,            0.005856,                   0,             0.99715,                   1,               0.995,             0.69322,            0.013788,            0.011407,                   0,           0.0019315,           0.0019315,           0.0019315
                 328,            0.025043,           0.0044499,                   0,             0.99715,                   1,               0.995,             0.69322,            0.013788,            0.011407,                   0,           0.0019068,           0.0019068,           0.0019068
                 329,            0.022407,           0.0061874,                   0,             0.99718,                   1,               0.995,             0.69691,            0.013574,            0.011391,                   0,            0.001882,            0.001882,            0.001882
                 330,            0.020653,           0.0056526,                   0,             0.99718,                   1,               0.995,             0.69691,            0.013574,            0.011391,                   0,           0.0018572,           0.0018572,           0.0018572
                 331,              0.0244,            0.005474,                   0,             0.99719,                   1,               0.995,             0.71652,            0.012904,            0.011382,                   0,           0.0018325,           0.0018325,           0.0018325
                 332,            0.022233,           0.0056714,                   0,             0.99719,                   1,               0.995,             0.71652,            0.012904,            0.011382,                   0,           0.0018077,           0.0018077,           0.0018077
                 333,            0.022089,           0.0042533,                   0,             0.99742,                   1,               0.995,             0.67851,            0.013897,            0.011421,                   0,            0.001783,            0.001783,            0.001783
                 334,            0.022926,           0.0055442,                   0,             0.99742,                   1,               0.995,             0.67851,            0.013897,            0.011421,                   0,           0.0017582,           0.0017582,           0.0017582
                 335,            0.020361,           0.0064624,                   0,             0.99739,                   1,               0.995,             0.67671,            0.014549,            0.011219,                   0,           0.0017335,           0.0017335,           0.0017335
                 336,             0.02076,           0.0051341,                   0,             0.99739,                   1,               0.995,             0.67671,            0.014549,            0.011219,                   0,           0.0017087,           0.0017087,           0.0017087
                 337,            0.013138,           0.0045046,                   0,              0.9974,                   1,               0.995,             0.67558,            0.015363,            0.011169,                   0,            0.001684,            0.001684,            0.001684
                 338,            0.017522,           0.0051125,                   0,              0.9974,                   1,               0.995,             0.67558,            0.015363,            0.011169,                   0,           0.0016592,           0.0016592,           0.0016592
                 339,             0.01934,           0.0055845,                   0,             0.99739,                   1,               0.995,             0.66641,            0.015127,            0.011153,                   0,           0.0016345,           0.0016345,           0.0016345
                 340,            0.023466,           0.0052233,                   0,             0.99739,                   1,               0.995,             0.66641,            0.015127,            0.011153,                   0,           0.0016097,           0.0016097,           0.0016097
                 341,            0.022856,           0.0046128,                   0,              0.9973,                   1,               0.995,             0.69981,            0.013576,            0.011102,                   0,            0.001585,            0.001585,            0.001585
                 342,            0.024305,           0.0044821,                   0,              0.9973,                   1,               0.995,             0.69981,            0.013576,            0.011102,                   0,           0.0015602,           0.0015602,           0.0015602
                 343,            0.023314,           0.0053152,                   0,             0.99736,                   1,               0.995,             0.65482,            0.014801,            0.011114,                   0,           0.0015355,           0.0015355,           0.0015355
                 344,            0.022354,           0.0046965,                   0,             0.99736,                   1,               0.995,             0.65482,            0.014801,            0.011114,                   0,           0.0015107,           0.0015107,           0.0015107
                 345,            0.021448,           0.0059901,                   0,             0.99719,                   1,               0.995,             0.68041,            0.014057,            0.010945,                   0,            0.001486,            0.001486,            0.001486
                 346,            0.019141,           0.0051045,                   0,             0.99719,                   1,               0.995,             0.68041,            0.014057,            0.010945,                   0,           0.0014612,           0.0014612,           0.0014612
                 347,            0.020081,           0.0049197,                   0,              0.9972,                   1,               0.995,              0.6798,            0.014582,             0.01078,                   0,           0.0014365,           0.0014365,           0.0014365
                 348,            0.022211,            0.005412,                   0,              0.9972,                   1,               0.995,              0.6798,            0.014582,             0.01078,                   0,           0.0014117,           0.0014117,           0.0014117
                 349,            0.023234,           0.0055359,                   0,             0.99744,                   1,               0.995,             0.65437,            0.016332,            0.010751,                   0,            0.001387,            0.001387,            0.001387
                 350,            0.022862,           0.0056564,                   0,             0.99744,                   1,               0.995,             0.65437,            0.016332,            0.010751,                   0,           0.0013622,           0.0013622,           0.0013622
                 351,            0.022856,           0.0044984,                   0,             0.99728,                   1,               0.995,             0.68911,            0.013936,            0.010686,                   0,           0.0013375,           0.0013375,           0.0013375
                 352,            0.019325,           0.0045607,                   0,             0.99728,                   1,               0.995,             0.68911,            0.013936,            0.010686,                   0,           0.0013128,           0.0013128,           0.0013128
                 353,            0.016629,            0.005779,                   0,             0.99732,                   1,               0.995,             0.67474,            0.013998,            0.010745,                   0,            0.001288,            0.001288,            0.001288
                 354,            0.020945,           0.0051546,                   0,             0.99732,                   1,               0.995,             0.67474,            0.013998,            0.010745,                   0,           0.0012633,           0.0012633,           0.0012633
                 355,            0.021153,           0.0051214,                   0,             0.99727,                   1,               0.995,             0.68559,            0.014272,            0.010532,                   0,           0.0012385,           0.0012385,           0.0012385
                 356,            0.023576,           0.0065671,                   0,             0.99727,                   1,               0.995,             0.68559,            0.014272,            0.010532,                   0,           0.0012138,           0.0012138,           0.0012138
                 357,            0.022639,           0.0051282,                   0,             0.99729,                   1,               0.995,             0.67477,            0.014468,            0.010533,                   0,            0.001189,            0.001189,            0.001189
                 358,            0.014725,           0.0041171,                   0,             0.99729,                   1,               0.995,             0.67477,            0.014468,            0.010533,                   0,           0.0011643,           0.0011643,           0.0011643
                 359,            0.019621,           0.0053853,                   0,             0.99729,                   1,               0.995,              0.7131,            0.013459,            0.010424,                   0,           0.0011395,           0.0011395,           0.0011395
                 360,            0.021524,           0.0053335,                   0,             0.99729,                   1,               0.995,              0.7131,            0.013459,            0.010424,                   0,           0.0011148,           0.0011148,           0.0011148
                 361,            0.022168,           0.0047711,                   0,             0.99727,                   1,               0.995,             0.69974,            0.014167,            0.010345,                   0,             0.00109,             0.00109,             0.00109
                 362,            0.020217,            0.005152,                   0,             0.99727,                   1,               0.995,             0.69974,            0.014167,            0.010345,                   0,           0.0010653,           0.0010653,           0.0010653
                 363,            0.020443,           0.0047323,                   0,             0.99732,                   1,               0.995,             0.67299,            0.014497,            0.010339,                   0,           0.0010405,           0.0010405,           0.0010405
                 364,            0.020333,           0.0051038,                   0,             0.99732,                   1,               0.995,             0.67299,            0.014497,            0.010339,                   0,           0.0010158,           0.0010158,           0.0010158
                 365,            0.021697,           0.0051339,                   0,             0.99721,                   1,               0.995,             0.67545,            0.014989,             0.01025,                   0,            0.000991,            0.000991,            0.000991
                 366,             0.01925,           0.0047048,                   0,             0.99721,                   1,               0.995,             0.67545,            0.014989,             0.01025,                   0,          0.00096625,          0.00096625,          0.00096625
                 367,            0.025177,           0.0051207,                   0,             0.99725,                   1,               0.995,             0.68966,            0.014405,            0.010156,                   0,           0.0009415,           0.0009415,           0.0009415
                 368,            0.021402,           0.0052532,                   0,             0.99725,                   1,               0.995,             0.68966,            0.014405,            0.010156,                   0,          0.00091675,          0.00091675,          0.00091675
                 369,            0.015351,           0.0042235,                   0,             0.99722,                   1,               0.995,             0.68806,             0.01414,             0.01013,                   0,            0.000892,            0.000892,            0.000892
                 370,            0.021297,           0.0055649,                   0,             0.99722,                   1,               0.995,             0.68806,             0.01414,             0.01013,                   0,          0.00086725,          0.00086725,          0.00086725
                 371,            0.022238,           0.0043735,                   0,             0.99726,                   1,               0.995,             0.71818,            0.013735,            0.010063,                   0,           0.0008425,           0.0008425,           0.0008425
                 372,            0.021266,           0.0056418,                   0,             0.99726,                   1,               0.995,             0.71818,            0.013735,            0.010063,                   0,          0.00081775,          0.00081775,          0.00081775
                 373,            0.019455,           0.0050801,                   0,             0.99724,                   1,               0.995,             0.70245,            0.013957,            0.010025,                   0,            0.000793,            0.000793,            0.000793
                 374,            0.019588,           0.0045085,                   0,             0.99724,                   1,               0.995,             0.70245,            0.013957,            0.010025,                   0,          0.00076825,          0.00076825,          0.00076825
                 375,            0.015985,           0.0047324,                   0,             0.99727,                   1,               0.995,             0.68433,            0.014649,           0.0099962,                   0,           0.0007435,           0.0007435,           0.0007435
                 376,            0.017065,           0.0038366,                   0,             0.99727,                   1,               0.995,             0.68433,            0.014649,           0.0099962,                   0,          0.00071875,          0.00071875,          0.00071875
                 377,             0.02416,           0.0042325,                   0,              0.9973,                   1,               0.995,             0.66279,             0.01511,            0.010018,                   0,            0.000694,            0.000694,            0.000694
                 378,             0.01716,           0.0039741,                   0,              0.9973,                   1,               0.995,             0.66279,             0.01511,            0.010018,                   0,          0.00066925,          0.00066925,          0.00066925
                 379,            0.020214,           0.0048441,                   0,             0.99727,                   1,               0.995,             0.68623,            0.013708,           0.0099691,                   0,           0.0006445,           0.0006445,           0.0006445
                 380,            0.015985,           0.0042658,                   0,             0.99727,                   1,               0.995,             0.68623,            0.013708,           0.0099691,                   0,          0.00061975,          0.00061975,          0.00061975
                 381,            0.018023,           0.0040639,                   0,             0.99727,                   1,               0.995,              0.7011,            0.013553,            0.009918,                   0,            0.000595,            0.000595,            0.000595
                 382,            0.017941,           0.0048351,                   0,             0.99727,                   1,               0.995,              0.7011,            0.013553,            0.009918,                   0,          0.00057025,          0.00057025,          0.00057025
                 383,            0.015863,           0.0046446,                   0,             0.99726,                   1,               0.995,             0.69409,            0.013804,           0.0098916,                   0,           0.0005455,           0.0005455,           0.0005455
                 384,            0.018444,            0.005751,                   0,             0.99726,                   1,               0.995,             0.69409,            0.013804,           0.0098916,                   0,          0.00052075,          0.00052075,          0.00052075
                 385,             0.01909,           0.0052829,                   0,             0.99725,                   1,               0.995,             0.70112,            0.013837,           0.0098655,                   0,            0.000496,            0.000496,            0.000496
                 386,            0.018528,           0.0056028,                   0,             0.99725,                   1,               0.995,             0.70112,            0.013837,           0.0098655,                   0,          0.00047125,          0.00047125,          0.00047125
                 387,            0.015666,           0.0040592,                   0,             0.99723,                   1,               0.995,             0.69543,             0.01398,           0.0098315,                   0,           0.0004465,           0.0004465,           0.0004465
                 388,            0.020805,           0.0058117,                   0,             0.99723,                   1,               0.995,             0.69543,             0.01398,           0.0098315,                   0,          0.00042175,          0.00042175,          0.00042175
                 389,            0.020227,           0.0054849,                   0,             0.99719,                   1,               0.995,             0.70063,             0.01405,            0.009801,                   0,            0.000397,            0.000397,            0.000397
                 390,            0.018845,           0.0051922,                   0,             0.99719,                   1,               0.995,             0.70063,             0.01405,            0.009801,                   0,          0.00037225,          0.00037225,          0.00037225
                 391,            0.020802,           0.0050356,                   0,             0.99721,                   1,               0.995,             0.70063,            0.014075,           0.0097739,                   0,           0.0003475,           0.0003475,           0.0003475
                 392,            0.016684,           0.0047977,                   0,             0.99721,                   1,               0.995,             0.70063,            0.014075,           0.0097739,                   0,          0.00032275,          0.00032275,          0.00032275
                 393,            0.019055,             0.00427,                   0,             0.99727,                   1,               0.995,              0.6951,            0.014517,           0.0097396,                   0,            0.000298,            0.000298,            0.000298
                 394,            0.021021,           0.0044168,                   0,             0.99727,                   1,               0.995,              0.6951,            0.014517,           0.0097396,                   0,          0.00027325,          0.00027325,          0.00027325
                 395,            0.022971,           0.0057778,                   0,             0.99722,                   1,               0.995,             0.68512,            0.014651,           0.0097324,                   0,           0.0002485,           0.0002485,           0.0002485
                 396,            0.019212,           0.0042774,                   0,             0.99722,                   1,               0.995,             0.68512,            0.014651,           0.0097324,                   0,          0.00022375,          0.00022375,          0.00022375
                 397,            0.022537,           0.0058364,                   0,             0.99724,                   1,               0.995,             0.68511,            0.014553,            0.009725,                   0,            0.000199,            0.000199,            0.000199
                 398,            0.021324,            0.004639,                   0,             0.99724,                   1,               0.995,             0.68511,            0.014553,            0.009725,                   0,          0.00017425,          0.00017425,          0.00017425
                 399,            0.019435,           0.0048383,                   0,             0.99724,                   1,               0.995,             0.68388,            0.014453,           0.0097167,                   0,           0.0001495,           0.0001495,           0.0001495
